id,Hardness
10407,2.5
10408,2.5
10409,5.5
10410,5.0
10411,5.5
10412,5.5
10413,4.5
10414,6.0
10415,2.0
10416,4.3
10417,2.5
10418,4.0
10419,6.0
10420,5.0
10421,5.8
10422,6.0
10423,5.5
10424,5.5
10425,5.5
10426,2.5
10427,2.5
10428,5.5
10429,5.5
10430,4.0
10431,2.8
10432,6.0
10433,6.0
10434,5.5
10435,6.0
10436,6.0
10437,6.0
10438,6.0
10439,5.5
10440,3.1
10441,2.5
10442,3.8
10443,2.5
10444,4.0
10445,5.5
10446,3.0
10447,6.0
10448,5.5
10449,6.0
10450,6.0
10451,5.5
10452,4.0
10453,5.5
10454,5.0
10455,2.5
10456,2.5
10457,2.5
10458,10.0
10459,5.5
10460,4.0
10461,6.0
10462,5.5
10463,6.0
10464,5.5
10465,2.5
10466,6.0
10467,6.0
10468,2.5
10469,6.0
10470,5.5
10471,6.0
10472,2.5
10473,6.0
10474,2.5
10475,6.0
10476,5.5
10477,6.0
10478,4.0
10479,4.0
10480,2.5
10481,2.5
10482,6.0
10483,6.0
10484,1.8
10485,5.0
10486,3.5
10487,2.5
10488,5.5
10489,5.5
10490,3.8
10491,6.0
10492,5.5
10493,2.5
10494,3.8
10495,4.5
10496,3.8
10497,5.5
10498,6.0
10499,5.5
10500,3.8
10501,2.5
10502,5.5
10503,5.5
10504,6.0
10505,2.5
10506,2.8
10507,6.0
10508,2.3
10509,2.5
10510,4.0
10511,2.0
10512,6.0
10513,6.0
10514,3.1
10515,2.5
10516,2.3
10517,5.5
10518,6.0
10519,6.0
10520,5.5
10521,5.5
10522,5.5
10523,5.5
10524,3.0
10525,3.8
10526,2.5
10527,6.0
10528,6.0
10529,5.5
10530,2.8
10531,5.5
10532,3.9
10533,5.5
10534,6.0
10535,5.5
10536,5.0
10537,3.9
10538,5.5
10539,6.0
10540,2.5
10541,2.5
10542,3.8
10543,5.8
10544,5.5
10545,3.3
10546,6.0
10547,5.5
10548,5.5
10549,6.0
10550,5.8
10551,4.0
10552,5.5
10553,5.5
10554,4.0
10555,2.5
10556,5.5
10557,6.0
10558,5.5
10559,3.0
10560,2.5
10561,3.5
10562,6.0
10563,4.0
10564,2.5
10565,3.65
10566,3.0
10567,4.0
10568,3.8
10569,5.5
10570,5.5
10571,6.0
10572,6.0
10573,6.0
10574,2.5
10575,3.8
10576,1.8
10577,1.5
10578,6.0
10579,6.0
10580,2.8
10581,6.0
10582,3.0
10583,2.8
10584,4.15
10585,2.5
10586,2.5
10587,6.0
10588,3.8
10589,5.5
10590,3.8
10591,6.0
10592,2.3
10593,5.8
10594,5.5
10595,6.0
10596,4.0
10597,5.5
10598,5.5
10599,5.5
10600,2.5
10601,6.0
10602,3.5
10603,5.5
10604,6.0
10605,1.5
10606,2.5
10607,6.0
10608,5.8
10609,10.0
10610,6.0
10611,2.5
10612,6.0
10613,5.5
10614,6.0
10615,6.0
10616,6.0
10617,6.0
10618,2.5
10619,6.0
10620,6.0
10621,4.0
10622,3.8
10623,5.5
10624,5.5
10625,6.0
10626,3.9
10627,5.5
10628,6.0
10629,5.5
10630,2.5
10631,5.5
10632,4.15
10633,2.5
10634,3.25
10635,4.0
10636,5.5
10637,5.0
10638,2.5
10639,6.0
10640,6.0
10641,5.0
10642,2.5
10643,1.5
10644,4.5
10645,6.0
10646,2.5
10647,5.5
10648,5.8
10649,5.5
10650,3.8
10651,5.5
10652,6.0
10653,5.5
10654,6.0
10655,4.0
10656,5.5
10657,5.0
10658,6.0
10659,6.0
10660,3.8
10661,3.5
10662,5.0
10663,6.0
10664,3.8
10665,6.0
10666,6.0
10667,6.0
10668,6.0
10669,3.0
10670,4.0
10671,4.15
10672,2.5
10673,3.8
10674,3.65
10675,4.3
10676,2.5
10677,2.5
10678,3.8
10679,2.5
10680,5.5
10681,5.5
10682,4.0
10683,3.8
10684,2.5
10685,5.5
10686,5.0
10687,6.0
10688,5.5
10689,5.5
10690,5.0
10691,6.0
10692,5.5
10693,5.5
10694,5.5
10695,3.8
10696,6.0
10697,5.5
10698,5.4
10699,1.8
10700,3.9
10701,5.5
10702,5.5
10703,5.5
10704,2.5
10705,6.0
10706,6.0
10707,5.5
10708,3.8
10709,3.8
10710,6.0
10711,4.0
10712,5.5
10713,3.0
10714,3.5
10715,5.5
10716,5.0
10717,6.0
10718,5.65
10719,5.5
10720,6.0
10721,5.8
10722,2.5
10723,4.5
10724,5.5
10725,1.5
10726,2.5
10727,2.5
10728,2.5
10729,5.5
10730,6.0
10731,6.0
10732,2.5
10733,2.5
10734,6.0
10735,6.0
10736,6.0
10737,5.5
10738,6.0
10739,2.5
10740,2.5
10741,6.0
10742,3.8
10743,6.0
10744,2.5
10745,5.5
10746,2.9
10747,3.65
10748,6.0
10749,5.5
10750,5.5
10751,5.5
10752,3.8
10753,5.0
10754,5.5
10755,5.5
10756,3.1
10757,4.0
10758,2.5
10759,2.5
10760,6.0
10761,6.0
10762,6.0
10763,5.5
10764,5.5
10765,4.5
10766,6.0
10767,6.0
10768,6.0
10769,6.0
10770,6.0
10771,2.5
10772,6.0
10773,2.5
10774,5.5
10775,5.5
10776,5.5
10777,1.5
10778,5.5
10779,5.5
10780,3.5
10781,5.0
10782,6.0
10783,3.0
10784,6.0
10785,6.0
10786,5.0
10787,5.5
10788,6.0
10789,5.5
10790,3.8
10791,3.8
10792,5.5
10793,2.5
10794,5.5
10795,6.0
10796,5.0
10797,6.0
10798,5.5
10799,5.5
10800,2.5
10801,6.0
10802,5.5
10803,3.5
10804,5.5
10805,5.5
10806,6.0
10807,5.5
10808,5.5
10809,2.5
10810,5.5
10811,4.0
10812,3.8
10813,3.5
10814,5.5
10815,1.8
10816,5.5
10817,5.5
10818,3.8
10819,5.5
10820,6.0
10821,2.5
10822,3.55
10823,6.0
10824,5.5
10825,6.0
10826,3.8
10827,5.5
10828,2.5
10829,6.0
10830,6.0
10831,5.5
10832,6.0
10833,5.5
10834,5.5
10835,6.0
10836,2.8
10837,5.5
10838,3.8
10839,3.0
10840,6.0
10841,5.65
10842,5.5
10843,6.0
10844,2.8
10845,4.0
10846,6.0
10847,6.0
10848,4.0
10849,6.0
10850,5.5
10851,2.5
10852,5.5
10853,3.8
10854,6.0
10855,5.0
10856,4.3
10857,6.0
10858,5.5
10859,5.5
10860,5.5
10861,5.5
10862,5.5
10863,4.8
10864,5.5
10865,5.5
10866,5.65
10867,1.5
10868,5.5
10869,3.1
10870,6.0
10871,5.5
10872,3.8
10873,3.0
10874,6.0
10875,5.5
10876,5.5
10877,6.0
10878,6.0
10879,5.5
10880,3.8
10881,6.0
10882,3.8
10883,4.0
10884,2.8
10885,5.5
10886,2.5
10887,3.8
10888,5.5
10889,6.0
10890,5.5
10891,2.5
10892,5.5
10893,1.8
10894,5.5
10895,6.0
10896,2.5
10897,6.0
10898,6.0
10899,2.5
10900,3.9
10901,6.0
10902,5.5
10903,2.5
10904,6.0
10905,5.5
10906,3.8
10907,4.0
10908,6.0
10909,2.5
10910,5.5
10911,6.0
10912,5.5
10913,6.0
10914,5.0
10915,5.5
10916,3.1
10917,6.0
10918,6.0
10919,5.5
10920,6.0
10921,6.0
10922,2.5
10923,2.4
10924,3.5
10925,6.0
10926,5.5
10927,5.5
10928,2.5
10929,4.5
10930,5.5
10931,2.5
10932,6.0
10933,6.0
10934,5.5
10935,6.0
10936,3.8
10937,6.0
10938,3.1
10939,5.5
10940,6.0
10941,2.5
10942,5.5
10943,6.0
10944,4.0
10945,6.0
10946,6.0
10947,4.0
10948,5.0
10949,2.5
10950,3.8
10951,6.0
10952,6.0
10953,3.8
10954,6.0
10955,5.0
10956,5.5
10957,5.5
10958,6.0
10959,5.5
10960,2.5
10961,3.25
10962,3.8
10963,4.0
10964,5.5
10965,5.0
10966,4.0
10967,6.0
10968,6.0
10969,2.8
10970,10.0
10971,5.5
10972,2.5
10973,3.5
10974,5.5
10975,2.5
10976,6.0
10977,5.5
10978,5.5
10979,3.0
10980,6.0
10981,5.5
10982,5.5
10983,5.5
10984,6.0
10985,3.8
10986,6.0
10987,5.5
10988,5.5
10989,3.8
10990,1.8
10991,3.8
10992,6.0
10993,3.8
10994,3.8
10995,2.5
10996,6.0
10997,2.4
10998,5.5
10999,3.25
11000,6.0
11001,6.0
11002,3.55
11003,5.5
11004,6.0
11005,4.5
11006,5.5
11007,6.0
11008,5.5
11009,4.0
11010,5.5
11011,5.5
11012,5.5
11013,5.5
11014,5.5
11015,5.5
11016,6.0
11017,4.3
11018,4.0
11019,3.8
11020,6.0
11021,4.0
11022,6.0
11023,5.5
11024,5.5
11025,5.0
11026,1.5
11027,3.1
11028,5.5
11029,2.5
11030,2.5
11031,6.0
11032,3.8
11033,5.5
11034,2.5
11035,3.25
11036,5.5
11037,5.5
11038,5.5
11039,6.0
11040,5.5
11041,5.5
11042,2.5
11043,2.5
11044,3.8
11045,5.5
11046,2.5
11047,2.5
11048,5.5
11049,6.0
11050,3.8
11051,6.0
11052,2.5
11053,4.15
11054,5.5
11055,5.5
11056,4.0
11057,6.0
11058,5.5
11059,5.5
11060,2.5
11061,6.0
11062,5.0
11063,6.0
11064,3.65
11065,6.0
11066,4.0
11067,4.0
11068,5.5
11069,4.15
11070,5.5
11071,5.5
11072,2.8
11073,4.3
11074,5.5
11075,3.0
11076,4.0
11077,3.25
11078,3.0
11079,5.5
11080,3.0
11081,5.5
11082,5.0
11083,5.5
11084,6.0
11085,6.0
11086,2.5
11087,5.5
11088,2.5
11089,6.0
11090,6.0
11091,2.5
11092,2.5
11093,5.5
11094,5.5
11095,2.8
11096,6.0
11097,2.3
11098,5.5
11099,6.0
11100,5.5
11101,6.0
11102,6.0
11103,4.0
11104,5.5
11105,6.0
11106,5.5
11107,5.0
11108,5.5
11109,6.0
11110,6.0
11111,3.8
11112,6.0
11113,5.5
11114,2.5
11115,5.5
11116,5.5
11117,2.5
11118,6.0
11119,6.0
11120,4.0
11121,6.0
11122,4.0
11123,3.1
11124,6.0
11125,5.5
11126,2.8
11127,5.5
11128,6.0
11129,6.0
11130,4.0
11131,3.8
11132,2.5
11133,3.8
11134,6.0
11135,6.0
11136,5.0
11137,5.5
11138,6.0
11139,6.0
11140,5.5
11141,6.0
11142,6.0
11143,6.0
11144,2.5
11145,6.0
11146,5.8
11147,5.5
11148,2.5
11149,6.0
11150,6.0
11151,5.5
11152,2.3
11153,5.5
11154,3.8
11155,5.5
11156,3.8
11157,4.0
11158,3.5
11159,6.0
11160,3.0
11161,5.5
11162,5.5
11163,6.0
11164,6.0
11165,2.5
11166,5.5
11167,5.5
11168,5.5
11169,4.15
11170,2.5
11171,5.5
11172,4.3
11173,6.0
11174,6.0
11175,4.15
11176,6.0
11177,5.5
11178,1.5
11179,3.8
11180,6.0
11181,6.0
11182,5.8
11183,5.5
11184,6.0
11185,5.5
11186,6.0
11187,3.8
11188,4.0
11189,3.1
11190,6.0
11191,6.0
11192,3.8
11193,6.0
11194,3.8
11195,3.9
11196,5.5
11197,5.0
11198,5.0
11199,4.0
11200,5.5
11201,3.0
11202,5.5
11203,2.5
11204,5.0
11205,6.0
11206,2.5
11207,5.5
11208,5.5
11209,5.5
11210,5.5
11211,5.5
11212,1.5
11213,2.5
11214,2.5
11215,6.0
11216,6.0
11217,6.0
11218,6.0
11219,2.5
11220,2.5
11221,3.8
11222,6.0
11223,2.9
11224,2.9
11225,5.5
11226,5.5
11227,6.0
11228,6.0
11229,4.0
11230,6.0
11231,6.0
11232,2.5
11233,4.0
11234,2.9
11235,2.8
11236,6.0
11237,5.5
11238,2.5
11239,6.0
11240,6.0
11241,6.0
11242,6.0
11243,5.5
11244,6.0
11245,2.5
11246,5.5
11247,2.5
11248,6.0
11249,2.5
11250,2.5
11251,5.5
11252,6.0
11253,6.0
11254,6.0
11255,6.0
11256,5.5
11257,5.5
11258,2.5
11259,5.5
11260,3.8
11261,6.0
11262,5.5
11263,5.5
11264,3.65
11265,6.0
11266,6.0
11267,2.5
11268,1.5
11269,2.4
11270,4.15
11271,5.5
11272,3.8
11273,2.5
11274,2.8
11275,6.0
11276,3.0
11277,1.8
11278,2.3
11279,6.0
11280,3.8
11281,6.0
11282,5.5
11283,4.3
11284,5.5
11285,5.5
11286,5.5
11287,6.0
11288,5.5
11289,3.0
11290,6.0
11291,3.8
11292,5.5
11293,5.5
11294,6.0
11295,6.0
11296,6.0
11297,4.3
11298,6.0
11299,2.8
11300,2.5
11301,3.5
11302,6.0
11303,5.8
11304,5.5
11305,6.0
11306,6.0
11307,6.0
11308,6.0
11309,2.5
11310,5.5
11311,6.0
11312,2.5
11313,5.8
11314,5.5
11315,6.0
11316,2.5
11317,6.0
11318,4.15
11319,2.5
11320,5.5
11321,5.5
11322,6.0
11323,3.0
11324,2.5
11325,5.65
11326,6.0
11327,3.5
11328,5.5
11329,2.5
11330,5.5
11331,5.5
11332,6.0
11333,5.8
11334,5.5
11335,4.0
11336,4.5
11337,3.0
11338,5.5
11339,5.5
11340,5.5
11341,6.0
11342,6.0
11343,4.5
11344,6.0
11345,6.0
11346,6.0
11347,6.0
11348,5.5
11349,3.8
11350,5.5
11351,6.0
11352,3.8
11353,2.5
11354,2.5
11355,2.5
11356,5.5
11357,5.0
11358,5.5
11359,6.0
11360,2.5
11361,6.0
11362,4.0
11363,5.65
11364,2.5
11365,2.5
11366,6.0
11367,2.4
11368,2.5
11369,6.0
11370,2.5
11371,2.5
11372,6.0
11373,5.5
11374,5.5
11375,3.65
11376,6.0
11377,5.5
11378,6.0
11379,4.0
11380,5.5
11381,3.8
11382,2.9
11383,3.0
11384,2.5
11385,5.5
11386,6.0
11387,3.5
11388,6.0
11389,6.0
11390,2.5
11391,3.0
11392,3.25
11393,6.0
11394,5.5
11395,5.5
11396,3.8
11397,6.0
11398,6.0
11399,6.0
11400,6.0
11401,4.0
11402,5.5
11403,6.0
11404,6.0
11405,4.0
11406,5.0
11407,5.5
11408,6.0
11409,1.8
11410,5.5
11411,2.0
11412,5.5
11413,5.0
11414,5.5
11415,5.5
11416,5.5
11417,5.5
11418,6.0
11419,4.0
11420,6.0
11421,6.0
11422,5.0
11423,6.0
11424,3.8
11425,2.5
11426,6.0
11427,3.8
11428,2.5
11429,5.0
11430,6.0
11431,3.8
11432,6.0
11433,5.4
11434,2.5
11435,5.5
11436,2.5
11437,6.0
11438,4.0
11439,6.0
11440,4.0
11441,2.5
11442,2.5
11443,2.5
11444,3.8
11445,5.5
11446,5.5
11447,4.15
11448,6.0
11449,5.5
11450,5.5
11451,3.65
11452,5.5
11453,3.8
11454,5.5
11455,5.5
11456,3.55
11457,3.8
11458,5.5
11459,2.5
11460,3.0
11461,2.5
11462,6.0
11463,4.5
11464,6.0
11465,6.0
11466,5.5
11467,5.5
11468,5.0
11469,6.0
11470,4.0
11471,3.8
11472,3.8
11473,5.5
11474,5.5
11475,4.15
11476,4.5
11477,4.3
11478,5.5
11479,6.0
11480,5.5
11481,6.0
11482,5.0
11483,6.0
11484,3.8
11485,2.5
11486,5.5
11487,5.5
11488,5.5
11489,3.65
11490,2.5
11491,4.15
11492,2.5
11493,4.0
11494,5.5
11495,6.0
11496,2.5
11497,6.0
11498,4.15
11499,2.5
11500,5.5
11501,6.0
11502,4.15
11503,5.5
11504,6.0
11505,3.8
11506,6.0
11507,6.0
11508,6.0
11509,5.5
11510,6.0
11511,6.0
11512,2.5
11513,2.5
11514,6.0
11515,6.0
11516,2.5
11517,2.0
11518,5.5
11519,6.0
11520,6.0
11521,2.5
11522,6.0
11523,6.0
11524,5.5
11525,6.0
11526,5.5
11527,6.0
11528,6.0
11529,5.5
11530,4.8
11531,5.5
11532,3.8
11533,5.5
11534,6.0
11535,5.4
11536,10.0
11537,5.5
11538,6.0
11539,6.0
11540,3.8
11541,3.8
11542,5.5
11543,6.0
11544,6.0
11545,6.0
11546,6.0
11547,4.15
11548,6.0
11549,3.65
11550,6.0
11551,2.5
11552,6.0
11553,6.0
11554,5.0
11555,4.0
11556,5.5
11557,2.5
11558,5.5
11559,6.0
11560,6.0
11561,6.0
11562,6.0
11563,6.0
11564,5.5
11565,5.5
11566,6.0
11567,5.5
11568,6.0
11569,5.5
11570,6.0
11571,4.15
11572,4.0
11573,5.5
11574,5.5
11575,2.0
11576,3.8
11577,5.5
11578,6.0
11579,2.5
11580,2.5
11581,3.5
11582,5.5
11583,3.8
11584,6.0
11585,2.5
11586,5.5
11587,4.0
11588,2.5
11589,5.5
11590,6.0
11591,6.0
11592,5.5
11593,4.15
11594,6.0
11595,5.5
11596,5.0
11597,5.5
11598,6.0
11599,2.5
11600,3.8
11601,4.0
11602,5.5
11603,3.8
11604,2.5
11605,4.3
11606,5.5
11607,5.5
11608,6.0
11609,2.5
11610,5.5
11611,6.0
11612,5.5
11613,6.0
11614,5.5
11615,6.0
11616,3.8
11617,5.5
11618,3.8
11619,6.0
11620,6.0
11621,5.5
11622,5.5
11623,6.0
11624,6.0
11625,4.0
11626,5.5
11627,2.5
11628,3.1
11629,6.0
11630,3.8
11631,3.8
11632,1.8
11633,6.0
11634,6.0
11635,5.0
11636,6.0
11637,6.0
11638,4.0
11639,3.8
11640,2.5
11641,5.5
11642,5.5
11643,2.9
11644,3.65
11645,3.8
11646,6.0
11647,3.8
11648,5.5
11649,4.0
11650,6.0
11651,5.0
11652,5.8
11653,6.0
11654,4.5
11655,3.9
11656,2.5
11657,5.5
11658,6.0
11659,6.0
11660,6.0
11661,5.5
11662,4.3
11663,6.0
11664,2.5
11665,2.5
11666,6.0
11667,4.15
11668,2.5
11669,6.0
11670,6.0
11671,6.0
11672,2.5
11673,6.0
11674,3.0
11675,6.0
11676,3.5
11677,6.0
11678,6.0
11679,3.5
11680,6.0
11681,5.5
11682,3.8
11683,5.5
11684,3.8
11685,2.5
11686,3.1
11687,6.0
11688,4.0
11689,2.5
11690,5.5
11691,2.5
11692,2.5
11693,2.5
11694,5.5
11695,5.0
11696,6.0
11697,2.5
11698,3.8
11699,2.5
11700,6.0
11701,5.5
11702,6.0
11703,5.5
11704,2.5
11705,3.9
11706,5.5
11707,5.5
11708,6.0
11709,2.5
11710,5.5
11711,5.0
11712,6.0
11713,3.55
11714,3.9
11715,6.0
11716,5.5
11717,6.0
11718,2.9
11719,5.5
11720,5.5
11721,5.5
11722,6.0
11723,5.5
11724,5.5
11725,3.9
11726,6.0
11727,6.0
11728,5.5
11729,5.5
11730,3.8
11731,3.3
11732,6.0
11733,5.5
11734,2.5
11735,6.0
11736,4.8
11737,6.0
11738,5.0
11739,2.8
11740,2.5
11741,6.0
11742,5.5
11743,5.5
11744,2.5
11745,2.5
11746,6.0
11747,5.5
11748,5.5
11749,5.5
11750,2.5
11751,4.15
11752,6.0
11753,5.5
11754,5.5
11755,5.0
11756,4.0
11757,6.0
11758,6.0
11759,5.5
11760,6.0
11761,6.0
11762,4.0
11763,6.0
11764,6.0
11765,5.5
11766,10.0
11767,3.5
11768,4.5
11769,5.8
11770,6.0
11771,6.0
11772,5.5
11773,5.5
11774,3.5
11775,6.0
11776,6.0
11777,5.0
11778,5.5
11779,5.5
11780,6.0
11781,2.5
11782,5.0
11783,5.5
11784,5.5
11785,5.5
11786,5.5
11787,5.0
11788,2.5
11789,6.0
11790,5.5
11791,5.5
11792,2.5
11793,2.5
11794,5.5
11795,6.0
11796,6.0
11797,5.5
11798,5.0
11799,6.0
11800,6.0
11801,6.0
11802,5.5
11803,3.8
11804,5.5
11805,6.0
11806,3.0
11807,3.8
11808,6.0
11809,6.0
11810,5.5
11811,4.0
11812,6.0
11813,5.5
11814,2.5
11815,4.5
11816,4.5
11817,6.0
11818,6.0
11819,5.5
11820,4.15
11821,5.5
11822,2.5
11823,2.8
11824,6.0
11825,3.9
11826,5.5
11827,1.8
11828,5.5
11829,5.5
11830,2.8
11831,5.5
11832,2.5
11833,2.5
11834,4.15
11835,2.5
11836,5.5
11837,6.0
11838,6.0
11839,3.8
11840,6.0
11841,2.5
11842,5.5
11843,3.9
11844,6.0
11845,5.0
11846,6.0
11847,2.9
11848,6.0
11849,4.15
11850,5.5
11851,6.0
11852,5.5
11853,4.0
11854,6.0
11855,6.0
11856,2.65
11857,2.5
11858,6.0
11859,3.65
11860,5.5
11861,5.5
11862,5.5
11863,2.5
11864,2.5
11865,6.0
11866,2.5
11867,5.5
11868,6.0
11869,3.0
11870,6.0
11871,5.5
11872,5.0
11873,6.0
11874,5.5
11875,6.0
11876,1.5
11877,5.5
11878,5.0
11879,6.0
11880,3.9
11881,5.5
11882,5.5
11883,6.0
11884,2.3
11885,2.5
11886,5.5
11887,6.0
11888,3.55
11889,5.5
11890,6.0
11891,6.0
11892,3.55
11893,6.0
11894,5.5
11895,6.0
11896,5.0
11897,6.0
11898,5.5
11899,2.5
11900,3.5
11901,5.5
11902,2.5
11903,5.5
11904,2.5
11905,6.0
11906,5.5
11907,6.0
11908,5.5
11909,5.5
11910,5.5
11911,2.5
11912,6.0
11913,2.5
11914,6.0
11915,5.5
11916,6.0
11917,5.5
11918,2.9
11919,5.5
11920,2.5
11921,5.5
11922,3.0
11923,2.5
11924,6.0
11925,4.0
11926,6.0
11927,2.8
11928,5.5
11929,2.5
11930,4.15
11931,5.0
11932,2.5
11933,5.5
11934,6.0
11935,2.8
11936,2.5
11937,2.5
11938,5.5
11939,6.0
11940,6.0
11941,5.5
11942,4.15
11943,3.9
11944,3.0
11945,4.3
11946,6.0
11947,5.5
11948,5.5
11949,4.0
11950,6.0
11951,3.8
11952,6.0
11953,5.5
11954,6.0
11955,5.5
11956,6.0
11957,6.0
11958,5.5
11959,2.5
11960,5.5
11961,3.8
11962,5.5
11963,2.5
11964,2.5
11965,2.5
11966,4.0
11967,5.5
11968,5.5
11969,6.0
11970,4.3
11971,4.15
11972,5.8
11973,6.0
11974,3.25
11975,5.5
11976,2.5
11977,3.65
11978,5.0
11979,1.8
11980,5.5
11981,6.0
11982,6.0
11983,4.15
11984,6.0
11985,6.0
11986,3.8
11987,6.0
11988,5.5
11989,3.8
11990,2.5
11991,2.5
11992,5.5
11993,5.5
11994,3.8
11995,3.0
11996,6.0
11997,3.8
11998,5.5
11999,3.9
12000,6.0
12001,5.0
12002,2.5
12003,6.0
12004,3.8
12005,5.8
12006,5.5
12007,5.5
12008,5.5
12009,2.5
12010,3.8
12011,6.0
12012,2.5
12013,4.0
12014,2.8
12015,2.5
12016,5.5
12017,3.55
12018,5.5
12019,6.0
12020,5.5
12021,5.5
12022,2.5
12023,6.0
12024,4.0
12025,6.0
12026,5.5
12027,6.0
12028,6.0
12029,2.5
12030,5.8
12031,6.0
12032,2.5
12033,6.0
12034,5.5
12035,5.5
12036,2.5
12037,4.0
12038,3.8
12039,5.5
12040,5.5
12041,5.5
12042,2.5
12043,6.0
12044,5.5
12045,2.5
12046,6.0
12047,2.8
12048,6.0
12049,3.8
12050,5.5
12051,6.0
12052,2.3
12053,5.5
12054,5.5
12055,5.5
12056,5.5
12057,3.1
12058,6.0
12059,5.5
12060,3.8
12061,4.0
12062,4.15
12063,6.0
12064,2.8
12065,3.1
12066,2.5
12067,4.15
12068,6.0
12069,5.5
12070,5.0
12071,3.9
12072,5.5
12073,6.0
12074,5.5
12075,6.0
12076,5.5
12077,5.5
12078,6.0
12079,5.5
12080,5.0
12081,5.5
12082,5.5
12083,3.1
12084,6.0
12085,3.8
12086,3.25
12087,3.8
12088,4.0
12089,2.5
12090,5.5
12091,4.8
12092,5.5
12093,3.8
12094,2.5
12095,3.8
12096,4.0
12097,2.0
12098,2.5
12099,2.5
12100,6.0
12101,2.8
12102,5.0
12103,2.5
12104,5.0
12105,3.8
12106,2.8
12107,6.0
12108,3.0
12109,4.5
12110,3.8
12111,2.5
12112,2.5
12113,5.5
12114,3.5
12115,5.5
12116,6.0
12117,3.55
12118,6.0
12119,6.0
12120,4.0
12121,6.0
12122,6.0
12123,2.5
12124,4.0
12125,5.5
12126,6.0
12127,5.5
12128,4.15
12129,6.0
12130,2.3
12131,4.5
12132,6.0
12133,6.0
12134,4.0
12135,4.3
12136,5.5
12137,6.0
12138,6.0
12139,3.8
12140,6.0
12141,5.5
12142,2.5
12143,5.5
12144,6.0
12145,5.5
12146,2.5
12147,5.5
12148,2.5
12149,6.0
12150,5.0
12151,3.8
12152,6.0
12153,6.0
12154,4.5
12155,3.8
12156,5.5
12157,6.0
12158,3.8
12159,5.5
12160,5.5
12161,2.5
12162,4.15
12163,4.0
12164,6.0
12165,3.8
12166,6.0
12167,6.0
12168,6.0
12169,5.5
12170,2.8
12171,6.0
12172,5.5
12173,5.8
12174,6.0
12175,6.0
12176,3.8
12177,5.5
12178,5.5
12179,4.5
12180,6.0
12181,3.8
12182,5.5
12183,5.5
12184,2.5
12185,5.5
12186,2.5
12187,2.5
12188,6.0
12189,6.0
12190,3.8
12191,5.5
12192,2.5
12193,6.0
12194,6.0
12195,6.0
12196,6.0
12197,2.5
12198,5.5
12199,5.5
12200,3.8
12201,6.0
12202,6.0
12203,2.5
12204,2.8
12205,6.0
12206,6.0
12207,2.5
12208,5.5
12209,2.8
12210,5.5
12211,6.0
12212,4.15
12213,3.5
12214,3.8
12215,3.8
12216,5.5
12217,2.5
12218,6.0
12219,5.5
12220,4.5
12221,5.5
12222,3.8
12223,2.5
12224,6.0
12225,6.0
12226,5.5
12227,5.5
12228,6.0
12229,6.0
12230,6.0
12231,5.0
12232,4.15
12233,3.8
12234,4.15
12235,5.0
12236,5.5
12237,2.5
12238,5.5
12239,4.0
12240,3.0
12241,6.0
12242,6.0
12243,6.0
12244,3.5
12245,5.65
12246,5.5
12247,6.0
12248,5.5
12249,6.0
12250,2.5
12251,5.5
12252,2.3
12253,2.5
12254,2.5
12255,5.5
12256,5.5
12257,5.0
12258,2.5
12259,2.5
12260,3.0
12261,5.5
12262,2.5
12263,6.0
12264,2.5
12265,5.5
12266,3.8
12267,3.0
12268,6.0
12269,2.5
12270,6.0
12271,6.0
12272,6.0
12273,6.0
12274,3.25
12275,2.5
12276,2.5
12277,5.8
12278,4.0
12279,5.5
12280,4.3
12281,3.8
12282,3.5
12283,3.8
12284,6.0
12285,6.0
12286,6.0
12287,3.0
12288,5.5
12289,4.3
12290,6.0
12291,2.8
12292,2.5
12293,3.0
12294,2.5
12295,6.0
12296,5.5
12297,4.0
12298,3.8
12299,1.8
12300,2.5
12301,4.0
12302,6.0
12303,5.0
12304,2.5
12305,2.5
12306,2.5
12307,6.0
12308,6.0
12309,5.5
12310,2.5
12311,3.8
12312,5.5
12313,6.0
12314,5.5
12315,5.5
12316,4.5
12317,5.0
12318,3.8
12319,6.0
12320,2.5
12321,2.5
12322,3.8
12323,2.5
12324,3.8
12325,2.5
12326,5.5
12327,5.5
12328,2.5
12329,5.5
12330,6.0
12331,5.5
12332,6.0
12333,2.5
12334,4.3
12335,5.0
12336,6.0
12337,2.5
12338,5.5
12339,6.0
12340,3.9
12341,6.0
12342,5.5
12343,6.0
12344,6.0
12345,6.0
12346,3.8
12347,5.5
12348,6.0
12349,6.0
12350,5.5
12351,5.5
12352,6.0
12353,6.0
12354,5.5
12355,3.3
12356,5.5
12357,5.5
12358,5.8
12359,6.0
12360,5.5
12361,5.5
12362,5.5
12363,4.3
12364,2.5
12365,5.5
12366,5.0
12367,6.0
12368,5.5
12369,2.5
12370,6.0
12371,2.8
12372,6.0
12373,6.0
12374,4.0
12375,6.0
12376,5.5
12377,2.5
12378,5.0
12379,5.5
12380,6.0
12381,6.0
12382,6.0
12383,5.0
12384,6.0
12385,6.0
12386,5.5
12387,6.0
12388,5.5
12389,5.0
12390,5.5
12391,6.0
12392,6.0
12393,6.0
12394,3.8
12395,3.8
12396,6.0
12397,6.0
12398,5.5
12399,6.0
12400,4.0
12401,4.0
12402,3.65
12403,4.15
12404,2.65
12405,5.0
12406,3.8
12407,3.5
12408,6.0
12409,6.0
12410,5.5
12411,5.5
12412,3.8
12413,2.3
12414,4.15
12415,5.5
12416,4.0
12417,6.0
12418,5.5
12419,6.0
12420,6.0
12421,3.3
12422,3.5
12423,3.0
12424,5.5
12425,6.0
12426,5.5
12427,6.0
12428,3.65
12429,6.0
12430,2.3
12431,5.5
12432,5.5
12433,4.0
12434,6.0
12435,3.8
12436,6.0
12437,5.5
12438,3.8
12439,5.0
12440,4.15
12441,4.8
12442,5.5
12443,6.0
12444,5.5
12445,5.5
12446,4.5
12447,2.5
12448,2.5
12449,5.5
12450,5.5
12451,2.5
12452,5.5
12453,6.0
12454,2.5
12455,5.5
12456,5.5
12457,2.5
12458,5.8
12459,2.5
12460,2.5
12461,5.0
12462,5.5
12463,3.8
12464,6.0
12465,2.5
12466,2.5
12467,6.0
12468,5.5
12469,2.8
12470,5.5
12471,2.3
12472,2.5
12473,2.5
12474,2.5
12475,3.8
12476,3.5
12477,2.5
12478,2.5
12479,6.0
12480,2.5
12481,6.0
12482,6.0
12483,5.5
12484,1.8
12485,6.0
12486,3.0
12487,6.0
12488,2.5
12489,5.5
12490,6.0
12491,5.5
12492,6.0
12493,5.0
12494,5.5
12495,2.3
12496,5.5
12497,4.0
12498,5.3
12499,2.5
12500,3.0
12501,2.5
12502,3.0
12503,4.8
12504,6.0
12505,6.0
12506,5.5
12507,5.0
12508,3.8
12509,2.65
12510,6.0
12511,6.0
12512,4.5
12513,5.5
12514,6.0
12515,3.8
12516,6.0
12517,6.0
12518,4.0
12519,4.3
12520,6.0
12521,6.0
12522,5.0
12523,5.8
12524,6.0
12525,2.5
12526,6.0
12527,5.0
12528,5.5
12529,2.5
12530,3.0
12531,5.4
12532,6.0
12533,3.8
12534,6.0
12535,2.3
12536,4.3
12537,5.5
12538,3.8
12539,3.8
12540,2.5
12541,4.0
12542,5.5
12543,5.5
12544,5.5
12545,5.0
12546,5.5
12547,1.8
12548,5.5
12549,3.0
12550,2.5
12551,5.5
12552,6.0
12553,5.5
12554,6.0
12555,6.0
12556,3.8
12557,2.5
12558,6.0
12559,6.0
12560,4.3
12561,5.5
12562,2.5
12563,6.0
12564,4.0
12565,3.55
12566,2.8
12567,3.8
12568,2.5
12569,2.5
12570,3.65
12571,5.5
12572,6.0
12573,4.0
12574,5.5
12575,6.0
12576,4.0
12577,6.0
12578,6.0
12579,6.0
12580,3.5
12581,6.0
12582,2.5
12583,6.0
12584,2.65
12585,5.5
12586,5.5
12587,3.8
12588,6.0
12589,6.0
12590,6.0
12591,6.0
12592,6.0
12593,5.5
12594,3.8
12595,6.0
12596,5.5
12597,5.0
12598,5.5
12599,6.0
12600,5.5
12601,6.0
12602,5.5
12603,2.8
12604,6.0
12605,5.5
12606,6.0
12607,2.5
12608,2.5
12609,2.5
12610,5.0
12611,2.5
12612,4.0
12613,5.5
12614,2.5
12615,6.0
12616,1.5
12617,2.5
12618,6.0
12619,5.5
12620,3.5
12621,3.8
12622,5.5
12623,6.0
12624,5.5
12625,5.5
12626,3.25
12627,2.5
12628,2.5
12629,2.5
12630,3.8
12631,6.0
12632,3.25
12633,5.5
12634,3.0
12635,6.0
12636,2.5
12637,6.0
12638,3.55
12639,6.0
12640,2.5
12641,6.0
12642,6.0
12643,6.0
12644,6.0
12645,5.5
12646,3.8
12647,6.0
12648,5.5
12649,5.5
12650,3.8
12651,5.5
12652,4.0
12653,5.5
12654,6.0
12655,5.5
12656,5.5
12657,4.0
12658,5.0
12659,3.8
12660,3.25
12661,3.8
12662,3.9
12663,5.5
12664,5.5
12665,6.0
12666,6.0
12667,2.5
12668,6.0
12669,3.8
12670,3.8
12671,3.8
12672,6.0
12673,6.0
12674,5.65
12675,5.5
12676,2.5
12677,6.0
12678,2.5
12679,2.5
12680,4.0
12681,2.5
12682,2.5
12683,6.0
12684,5.5
12685,5.0
12686,5.5
12687,3.8
12688,2.5
12689,2.5
12690,3.5
12691,5.5
12692,5.5
12693,5.5
12694,4.0
12695,2.5
12696,5.5
12697,3.0
12698,4.0
12699,3.8
12700,5.5
12701,6.0
12702,6.0
12703,4.0
12704,6.0
12705,2.5
12706,6.0
12707,6.0
12708,6.0
12709,5.0
12710,5.8
12711,3.8
12712,5.5
12713,6.0
12714,6.0
12715,3.5
12716,5.5
12717,3.8
12718,2.5
12719,2.5
12720,6.0
12721,5.5
12722,6.0
12723,2.5
12724,3.8
12725,2.8
12726,5.5
12727,2.5
12728,5.5
12729,2.5
12730,6.0
12731,5.5
12732,3.9
12733,5.5
12734,3.8
12735,6.0
12736,2.5
12737,6.0
12738,2.5
12739,5.5
12740,5.5
12741,6.0
12742,1.8
12743,3.8
12744,5.0
12745,6.0
12746,2.5
12747,6.0
12748,6.0
12749,4.5
12750,3.8
12751,3.5
12752,6.0
12753,6.0
12754,2.5
12755,6.0
12756,6.0
12757,3.5
12758,5.5
12759,5.5
12760,5.5
12761,6.0
12762,2.5
12763,2.3
12764,5.5
12765,2.5
12766,1.8
12767,4.5
12768,5.5
12769,6.0
12770,5.0
12771,5.5
12772,6.0
12773,3.8
12774,5.5
12775,6.0
12776,5.5
12777,5.5
12778,2.9
12779,2.5
12780,5.0
12781,2.5
12782,5.5
12783,3.8
12784,2.5
12785,5.5
12786,2.5
12787,6.0
12788,5.5
12789,2.5
12790,5.5
12791,4.5
12792,2.5
12793,2.5
12794,5.0
12795,6.0
12796,2.5
12797,6.0
12798,5.0
12799,6.0
12800,3.1
12801,6.0
12802,2.5
12803,2.5
12804,6.0
12805,5.5
12806,3.8
12807,5.0
12808,2.5
12809,6.0
12810,2.5
12811,6.0
12812,3.9
12813,5.5
12814,5.0
12815,2.5
12816,6.0
12817,5.5
12818,5.0
12819,5.5
12820,5.5
12821,5.5
12822,4.0
12823,6.0
12824,5.5
12825,6.0
12826,5.5
12827,6.0
12828,5.5
12829,6.0
12830,2.5
12831,5.5
12832,6.0
12833,6.0
12834,6.0
12835,2.65
12836,2.5
12837,5.0
12838,6.0
12839,5.5
12840,6.0
12841,5.5
12842,5.5
12843,2.5
12844,4.0
12845,3.8
12846,5.5
12847,5.5
12848,5.5
12849,6.0
12850,5.5
12851,5.5
12852,5.0
12853,3.1
12854,4.0
12855,6.0
12856,5.5
12857,5.5
12858,6.0
12859,2.5
12860,5.5
12861,4.0
12862,5.5
12863,2.5
12864,5.0
12865,3.8
12866,2.5
12867,3.8
12868,2.5
12869,6.0
12870,5.0
12871,6.0
12872,2.8
12873,2.5
12874,5.0
12875,5.0
12876,5.5
12877,4.5
12878,5.5
12879,5.5
12880,2.5
12881,5.5
12882,3.5
12883,5.0
12884,5.5
12885,5.5
12886,6.0
12887,6.0
12888,4.15
12889,2.8
12890,5.5
12891,5.5
12892,2.5
12893,6.0
12894,6.0
12895,3.0
12896,5.5
12897,4.0
12898,4.5
12899,5.5
12900,6.0
12901,6.0
12902,3.8
12903,3.1
12904,6.0
12905,6.0
12906,1.8
12907,5.5
12908,2.5
12909,5.5
12910,6.0
12911,6.0
12912,2.5
12913,3.25
12914,6.0
12915,5.0
12916,6.0
12917,5.5
12918,3.8
12919,3.8
12920,3.8
12921,3.8
12922,6.0
12923,6.0
12924,6.0
12925,2.5
12926,3.0
12927,3.8
12928,6.0
12929,3.8
12930,6.0
12931,2.5
12932,5.5
12933,4.0
12934,5.5
12935,2.5
12936,6.0
12937,2.5
12938,6.0
12939,5.5
12940,5.5
12941,2.5
12942,4.0
12943,3.8
12944,6.0
12945,2.5
12946,6.0
12947,2.5
12948,3.8
12949,4.15
12950,5.5
12951,6.0
12952,3.5
12953,4.0
12954,6.0
12955,6.0
12956,2.5
12957,6.0
12958,3.9
12959,2.5
12960,5.5
12961,2.5
12962,6.0
12963,3.25
12964,2.5
12965,5.5
12966,6.0
12967,6.0
12968,6.0
12969,2.5
12970,6.0
12971,2.5
12972,2.5
12973,6.0
12974,2.5
12975,6.0
12976,6.0
12977,3.5
12978,2.5
12979,2.5
12980,4.0
12981,5.5
12982,5.5
12983,6.0
12984,3.5
12985,6.0
12986,6.0
12987,3.8
12988,5.5
12989,6.0
12990,2.5
12991,5.5
12992,2.5
12993,3.65
12994,2.3
12995,6.0
12996,2.5
12997,3.8
12998,6.0
12999,3.5
13000,3.8
13001,2.5
13002,2.5
13003,5.5
13004,5.5
13005,3.8
13006,6.0
13007,6.0
13008,5.3
13009,3.8
13010,6.0
13011,3.1
13012,2.0
13013,5.5
13014,2.5
13015,5.5
13016,5.5
13017,2.9
13018,6.0
13019,6.0
13020,3.8
13021,6.0
13022,6.0
13023,6.0
13024,5.5
13025,6.0
13026,2.0
13027,3.5
13028,5.5
13029,4.0
13030,6.0
13031,2.5
13032,5.5
13033,6.0
13034,2.5
13035,5.5
13036,6.0
13037,2.5
13038,6.0
13039,3.5
13040,2.5
13041,2.5
13042,6.0
13043,6.0
13044,6.0
13045,6.0
13046,6.0
13047,2.3
13048,4.0
13049,3.8
13050,5.5
13051,6.0
13052,6.0
13053,5.5
13054,6.0
13055,2.5
13056,4.0
13057,3.8
13058,6.0
13059,2.5
13060,6.0
13061,6.0
13062,6.0
13063,4.0
13064,6.0
13065,6.0
13066,2.8
13067,6.0
13068,5.5
13069,1.8
13070,5.5
13071,3.65
13072,2.5
13073,5.5
13074,5.5
13075,3.8
13076,2.5
13077,4.0
13078,6.0
13079,5.5
13080,2.5
13081,6.0
13082,5.5
13083,5.5
13084,5.5
13085,6.0
13086,6.0
13087,1.5
13088,6.0
13089,5.5
13090,6.0
13091,5.5
13092,6.0
13093,5.5
13094,5.5
13095,6.0
13096,6.0
13097,6.0
13098,5.5
13099,6.0
13100,6.0
13101,5.5
13102,6.0
13103,3.65
13104,5.5
13105,6.0
13106,6.0
13107,2.5
13108,4.5
13109,3.8
13110,5.5
13111,5.0
13112,5.5
13113,5.5
13114,5.5
13115,5.5
13116,5.5
13117,6.0
13118,3.9
13119,6.0
13120,3.55
13121,3.8
13122,3.8
13123,6.0
13124,4.5
13125,2.5
13126,2.5
13127,5.5
13128,5.5
13129,5.5
13130,6.0
13131,6.0
13132,5.5
13133,5.5
13134,3.0
13135,2.5
13136,6.0
13137,6.0
13138,6.0
13139,5.5
13140,5.5
13141,5.8
13142,3.65
13143,5.5
13144,6.0
13145,6.0
13146,6.0
13147,2.5
13148,5.5
13149,6.0
13150,2.5
13151,5.5
13152,2.65
13153,2.8
13154,2.5
13155,5.0
13156,2.5
13157,3.25
13158,4.0
13159,5.65
13160,2.5
13161,5.5
13162,5.0
13163,3.5
13164,2.5
13165,2.5
13166,5.5
13167,4.0
13168,5.5
13169,5.5
13170,6.0
13171,6.0
13172,3.8
13173,2.5
13174,5.5
13175,6.0
13176,5.0
13177,5.5
13178,6.0
13179,5.5
13180,5.5
13181,5.5
13182,4.15
13183,6.0
13184,5.5
13185,6.0
13186,5.5
13187,6.0
13188,5.5
13189,3.0
13190,3.1
13191,5.0
13192,5.5
13193,6.0
13194,3.8
13195,2.5
13196,6.0
13197,6.0
13198,6.0
13199,5.5
13200,3.8
13201,6.0
13202,5.5
13203,4.0
13204,2.5
13205,2.5
13206,2.5
13207,3.8
13208,1.5
13209,6.0
13210,5.5
13211,5.5
13212,3.25
13213,5.5
13214,4.5
13215,5.5
13216,5.5
13217,3.55
13218,2.5
13219,6.0
13220,5.0
13221,5.5
13222,2.5
13223,2.5
13224,5.5
13225,6.0
13226,5.5
13227,6.0
13228,5.5
13229,5.5
13230,6.0
13231,5.5
13232,4.3
13233,5.5
13234,6.0
13235,6.0
13236,5.5
13237,6.0
13238,4.0
13239,5.5
13240,6.0
13241,3.8
13242,5.5
13243,5.5
13244,5.5
13245,5.5
13246,5.5
13247,2.5
13248,2.5
13249,2.5
13250,6.0
13251,4.0
13252,5.5
13253,2.5
13254,3.5
13255,3.8
13256,2.5
13257,4.5
13258,6.0
13259,1.8
13260,5.5
13261,6.0
13262,5.5
13263,3.8
13264,3.1
13265,6.0
13266,5.5
13267,6.0
13268,6.0
13269,2.8
13270,3.8
13271,5.5
13272,2.5
13273,5.5
13274,3.8
13275,5.5
13276,5.5
13277,5.5
13278,5.5
13279,5.5
13280,3.8
13281,5.5
13282,6.0
13283,2.5
13284,3.8
13285,4.3
13286,4.0
13287,3.25
13288,2.5
13289,6.0
13290,6.0
13291,3.0
13292,3.1
13293,3.65
13294,4.0
13295,4.0
13296,6.0
13297,2.5
13298,5.5
13299,2.5
13300,2.5
13301,6.0
13302,6.0
13303,5.5
13304,4.0
13305,5.5
13306,2.5
13307,4.15
13308,5.5
13309,4.3
13310,6.0
13311,4.15
13312,5.5
13313,3.0
13314,6.0
13315,2.5
13316,5.5
13317,6.0
13318,6.0
13319,3.8
13320,5.5
13321,2.5
13322,2.5
13323,2.5
13324,3.25
13325,4.5
13326,3.8
13327,5.5
13328,4.0
13329,6.0
13330,2.5
13331,5.5
13332,5.5
13333,6.0
13334,5.5
13335,6.0
13336,5.5
13337,2.5
13338,3.5
13339,2.5
13340,5.5
13341,3.8
13342,6.0
13343,2.5
13344,6.0
13345,2.8
13346,5.5
13347,3.65
13348,6.0
13349,6.0
13350,4.0
13351,6.0
13352,6.0
13353,4.15
13354,5.5
13355,5.5
13356,2.5
13357,2.5
13358,5.5
13359,2.8
13360,4.0
13361,3.8
13362,2.5
13363,5.0
13364,5.5
13365,5.5
13366,5.0
13367,5.5
13368,5.5
13369,3.5
13370,6.0
13371,6.0
13372,5.0
13373,6.0
13374,6.0
13375,5.5
13376,2.8
13377,5.0
13378,5.5
13379,6.0
13380,6.0
13381,3.8
13382,5.5
13383,4.15
13384,5.5
13385,2.5
13386,2.5
13387,6.0
13388,6.0
13389,3.8
13390,6.0
13391,4.15
13392,6.0
13393,5.5
13394,5.5
13395,6.0
13396,5.5
13397,2.5
13398,3.8
13399,3.9
13400,2.5
13401,5.5
13402,5.5
13403,5.5
13404,5.5
13405,2.8
13406,6.0
13407,4.5
13408,5.5
13409,6.0
13410,6.0
13411,2.5
13412,2.5
13413,2.5
13414,3.8
13415,5.5
13416,3.1
13417,4.0
13418,1.8
13419,6.0
13420,5.5
13421,5.5
13422,6.0
13423,5.5
13424,4.0
13425,2.5
13426,5.5
13427,6.0
13428,6.0
13429,4.0
13430,5.0
13431,3.8
13432,5.5
13433,2.5
13434,5.5
13435,3.5
13436,5.5
13437,2.5
13438,2.5
13439,2.5
13440,4.0
13441,6.0
13442,4.0
13443,5.5
13444,6.0
13445,2.8
13446,2.5
13447,5.5
13448,6.0
13449,5.5
13450,2.5
13451,2.8
13452,6.0
13453,6.0
13454,6.0
13455,6.0
13456,5.5
13457,2.5
13458,4.15
13459,6.0
13460,2.5
13461,5.8
13462,5.5
13463,2.5
13464,5.5
13465,4.5
13466,5.5
13467,6.0
13468,6.0
13469,2.8
13470,2.8
13471,5.0
13472,3.55
13473,5.65
13474,6.0
13475,4.15
13476,2.5
13477,3.8
13478,4.8
13479,5.5
13480,2.5
13481,6.0
13482,5.0
13483,3.65
13484,6.0
13485,5.5
13486,6.0
13487,3.8
13488,3.8
13489,2.65
13490,1.8
13491,3.8
13492,4.0
13493,2.5
13494,5.5
13495,2.5
13496,2.5
13497,3.8
13498,5.8
13499,5.5
13500,5.5
13501,4.15
13502,5.5
13503,5.5
13504,6.0
13505,5.5
13506,6.0
13507,6.0
13508,5.0
13509,6.0
13510,6.0
13511,6.0
13512,6.0
13513,2.5
13514,4.0
13515,2.5
13516,6.0
13517,5.5
13518,5.5
13519,5.5
13520,5.5
13521,5.5
13522,2.5
13523,4.5
13524,6.0
13525,6.0
13526,2.5
13527,5.5
13528,6.0
13529,5.5
13530,5.5
13531,6.0
13532,2.5
13533,2.0
13534,2.5
13535,6.0
13536,3.9
13537,6.0
13538,3.8
13539,5.3
13540,5.5
13541,6.0
13542,6.0
13543,6.0
13544,2.5
13545,6.0
13546,5.5
13547,5.0
13548,4.0
13549,3.0
13550,3.0
13551,6.0
13552,5.5
13553,4.0
13554,5.5
13555,3.0
13556,5.5
13557,6.0
13558,4.3
13559,5.5
13560,5.5
13561,6.0
13562,6.0
13563,5.5
13564,5.5
13565,1.5
13566,3.8
13567,6.0
13568,3.8
13569,3.25
13570,6.0
13571,2.0
13572,3.5
13573,3.8
13574,5.5
13575,5.5
13576,2.5
13577,5.5
13578,2.5
13579,6.0
13580,5.5
13581,2.5
13582,2.5
13583,6.0
13584,4.0
13585,6.0
13586,6.0
13587,2.5
13588,4.0
13589,5.5
13590,5.5
13591,5.5
13592,6.0
13593,5.0
13594,5.5
13595,6.0
13596,6.0
13597,6.0
13598,6.0
13599,6.0
13600,5.5
13601,6.0
13602,5.5
13603,2.5
13604,4.0
13605,6.0
13606,3.8
13607,5.8
13608,3.8
13609,5.5
13610,6.0
13611,4.0
13612,6.0
13613,6.0
13614,6.0
13615,6.0
13616,5.5
13617,4.15
13618,3.1
13619,5.5
13620,4.15
13621,4.0
13622,3.65
13623,3.8
13624,5.5
13625,2.5
13626,5.5
13627,6.0
13628,3.8
13629,3.8
13630,2.5
13631,5.8
13632,2.5
13633,5.5
13634,2.5
13635,2.8
13636,2.5
13637,5.5
13638,6.0
13639,5.5
13640,5.5
13641,5.5
13642,5.5
13643,5.5
13644,5.0
13645,6.0
13646,6.0
13647,6.0
13648,5.5
13649,2.5
13650,3.8
13651,6.0
13652,5.5
13653,4.15
13654,5.5
13655,4.0
13656,6.0
13657,6.0
13658,6.0
13659,3.1
13660,5.5
13661,4.15
13662,5.5
13663,6.0
13664,6.0
13665,3.8
13666,5.5
13667,3.8
13668,5.65
13669,6.0
13670,3.8
13671,5.0
13672,5.5
13673,3.5
13674,5.0
13675,6.0
13676,4.3
13677,6.0
13678,2.5
13679,6.0
13680,5.5
13681,5.5
13682,2.5
13683,3.9
13684,5.0
13685,3.8
13686,5.5
13687,5.5
13688,2.8
13689,3.8
13690,2.5
13691,6.0
13692,5.5
13693,6.0
13694,6.0
13695,3.0
13696,6.0
13697,4.0
13698,6.0
13699,2.9
13700,2.5
13701,6.0
13702,2.8
13703,5.5
13704,5.5
13705,3.8
13706,2.5
13707,3.1
13708,2.5
13709,2.5
13710,2.4
13711,5.5
13712,2.5
13713,5.5
13714,6.0
13715,5.5
13716,10.0
13717,5.5
13718,5.5
13719,5.5
13720,6.0
13721,5.5
13722,6.0
13723,5.5
13724,5.5
13725,2.5
13726,6.0
13727,5.5
13728,3.1
13729,5.5
13730,5.5
13731,1.5
13732,3.0
13733,3.9
13734,4.0
13735,6.0
13736,6.0
13737,6.0
13738,2.5
13739,6.0
13740,6.0
13741,5.5
13742,5.5
13743,6.0
13744,6.0
13745,6.0
13746,5.5
13747,2.8
13748,5.5
13749,6.0
13750,6.0
13751,5.5
13752,5.5
13753,6.0
13754,5.5
13755,5.5
13756,5.5
13757,3.8
13758,3.8
13759,2.5
13760,2.5
13761,6.0
13762,5.5
13763,3.8
13764,6.0
13765,5.5
13766,4.0
13767,2.5
13768,5.5
13769,4.3
13770,4.5
13771,3.8
13772,2.5
13773,3.0
13774,6.0
13775,2.8
13776,3.65
13777,5.5
13778,5.5
13779,3.8
13780,6.0
13781,3.8
13782,3.9
13783,4.5
13784,6.0
13785,6.0
13786,2.5
13787,6.0
13788,5.5
13789,5.5
13790,2.5
13791,5.5
13792,2.5
13793,3.8
13794,3.25
13795,5.5
13796,5.0
13797,5.5
13798,2.5
13799,2.5
13800,2.5
13801,6.0
13802,5.5
13803,5.0
13804,2.5
13805,6.0
13806,4.0
13807,6.0
13808,4.0
13809,5.5
13810,5.5
13811,6.0
13812,6.0
13813,5.5
13814,5.5
13815,3.55
13816,5.5
13817,6.0
13818,6.0
13819,3.8
13820,6.0
13821,2.3
13822,6.0
13823,5.5
13824,6.0
13825,6.0
13826,5.5
13827,4.15
13828,6.0
13829,4.15
13830,5.5
13831,5.5
13832,6.0
13833,6.0
13834,3.8
13835,6.0
13836,6.0
13837,5.5
13838,4.3
13839,2.5
13840,5.5
13841,4.0
13842,6.0
13843,4.0
13844,6.0
13845,2.5
13846,10.0
13847,6.0
13848,4.3
13849,4.0
13850,5.5
13851,3.5
13852,5.5
13853,5.5
13854,5.0
13855,3.8
13856,1.5
13857,5.5
13858,2.5
13859,2.5
13860,6.0
13861,2.9
13862,3.8
13863,2.5
13864,6.0
13865,6.0
13866,6.0
13867,3.8
13868,2.5
13869,6.0
13870,5.5
13871,5.5
13872,6.0
13873,5.5
13874,5.5
13875,5.5
13876,6.0
13877,5.5
13878,2.65
13879,4.0
13880,6.0
13881,3.55
13882,3.8
13883,2.5
13884,5.5
13885,3.0
13886,3.8
13887,5.0
13888,3.8
13889,6.0
13890,6.0
13891,5.5
13892,5.5
13893,5.5
13894,2.5
13895,6.0
13896,4.0
13897,6.0
13898,3.8
13899,3.8
13900,2.5
13901,6.0
13902,5.5
13903,5.5
13904,4.0
13905,4.5
13906,6.0
13907,5.5
13908,2.5
13909,2.5
13910,5.0
13911,5.5
13912,2.8
13913,5.0
13914,6.0
13915,6.0
13916,6.0
13917,4.0
13918,2.5
13919,3.8
13920,4.15
13921,6.0
13922,5.5
13923,3.8
13924,5.5
13925,6.0
13926,5.5
13927,5.5
13928,5.5
13929,3.65
13930,2.5
13931,1.5
13932,5.5
13933,6.0
13934,5.5
13935,2.5
13936,3.5
13937,3.8
13938,2.5
13939,6.0
13940,5.5
13941,2.5
13942,5.5
13943,3.8
13944,3.0
13945,2.5
13946,2.5
13947,6.0
13948,5.5
13949,2.5
13950,2.5
13951,5.5
13952,6.0
13953,5.0
13954,5.5
13955,2.5
13956,3.8
13957,2.5
13958,6.0
13959,3.65
13960,6.0
13961,6.0
13962,5.5
13963,5.0
13964,5.5
13965,6.0
13966,5.5
13967,5.5
13968,2.5
13969,6.0
13970,6.0
13971,5.5
13972,2.5
13973,3.5
13974,6.0
13975,6.0
13976,2.5
13977,6.0
13978,3.5
13979,5.0
13980,3.0
13981,5.0
13982,5.5
13983,4.5
13984,4.5
13985,5.5
13986,2.5
13987,3.8
13988,2.5
13989,5.5
13990,6.0
13991,6.0
13992,4.0
13993,5.5
13994,5.4
13995,6.0
13996,6.0
13997,2.5
13998,6.0
13999,3.8
14000,2.5
14001,3.8
14002,2.5
14003,5.5
14004,6.0
14005,5.0
14006,6.0
14007,1.5
14008,6.0
14009,6.0
14010,6.0
14011,3.65
14012,6.0
14013,6.0
14014,6.0
14015,4.0
14016,1.8
14017,5.0
14018,6.0
14019,3.8
14020,3.8
14021,4.0
14022,2.5
14023,6.0
14024,5.5
14025,6.0
14026,6.0
14027,3.8
14028,6.0
14029,6.0
14030,5.5
14031,5.5
14032,4.0
14033,5.5
14034,5.5
14035,2.5
14036,4.0
14037,4.0
14038,5.5
14039,2.5
14040,5.5
14041,6.0
14042,4.0
14043,3.0
14044,5.5
14045,2.5
14046,2.3
14047,3.8
14048,6.0
14049,6.0
14050,5.5
14051,6.0
14052,2.5
14053,3.8
14054,5.5
14055,3.8
14056,6.0
14057,6.0
14058,2.5
14059,6.0
14060,5.5
14061,5.5
14062,3.0
14063,5.5
14064,3.25
14065,6.0
14066,3.8
14067,6.0
14068,2.5
14069,5.5
14070,3.5
14071,2.5
14072,2.5
14073,2.5
14074,6.0
14075,5.5
14076,6.0
14077,6.0
14078,5.5
14079,5.5
14080,3.9
14081,6.0
14082,2.5
14083,5.5
14084,6.0
14085,6.0
14086,2.5
14087,6.0
14088,2.5
14089,6.0
14090,5.0
14091,4.0
14092,5.5
14093,6.0
14094,5.5
14095,5.5
14096,5.5
14097,2.5
14098,5.5
14099,6.0
14100,1.8
14101,6.0
14102,5.5
14103,5.5
14104,5.5
14105,2.8
14106,2.5
14107,6.0
14108,5.5
14109,5.0
14110,5.0
14111,2.5
14112,6.0
14113,5.0
14114,6.0
14115,2.5
14116,5.5
14117,6.0
14118,2.4
14119,2.5
14120,3.8
14121,5.5
14122,6.0
14123,2.5
14124,5.5
14125,6.0
14126,6.0
14127,3.1
14128,5.0
14129,5.5
14130,5.5
14131,6.0
14132,2.5
14133,3.0
14134,6.0
14135,3.8
14136,2.5
14137,6.0
14138,5.5
14139,6.0
14140,3.0
14141,5.5
14142,3.65
14143,3.25
14144,6.0
14145,2.5
14146,5.5
14147,6.0
14148,5.5
14149,5.5
14150,5.5
14151,1.8
14152,3.8
14153,4.3
14154,3.0
14155,2.5
14156,6.0
14157,5.5
14158,3.8
14159,6.0
14160,5.5
14161,5.5
14162,4.0
14163,6.0
14164,6.0
14165,4.0
14166,3.9
14167,6.0
14168,5.5
14169,2.5
14170,5.5
14171,6.0
14172,5.5
14173,6.0
14174,5.0
14175,2.5
14176,3.5
14177,4.8
14178,5.5
14179,4.0
14180,4.0
14181,6.0
14182,5.5
14183,5.5
14184,3.8
14185,2.65
14186,6.0
14187,4.15
14188,5.5
14189,3.1
14190,6.0
14191,2.5
14192,6.0
14193,6.0
14194,4.15
14195,2.5
14196,5.5
14197,5.5
14198,4.5
14199,6.0
14200,3.8
14201,6.0
14202,6.0
14203,5.0
14204,5.5
14205,5.5
14206,6.0
14207,5.5
14208,2.5
14209,4.0
14210,5.5
14211,5.5
14212,5.5
14213,5.5
14214,5.5
14215,3.0
14216,2.5
14217,3.8
14218,2.5
14219,5.5
14220,6.0
14221,6.0
14222,2.5
14223,5.5
14224,5.5
14225,3.25
14226,6.0
14227,6.0
14228,2.5
14229,5.5
14230,6.0
14231,6.0
14232,3.8
14233,6.0
14234,5.5
14235,6.0
14236,5.0
14237,3.3
14238,3.65
14239,6.0
14240,5.5
14241,6.0
14242,6.0
14243,6.0
14244,5.5
14245,6.0
14246,5.0
14247,5.5
14248,5.5
14249,5.5
14250,3.5
14251,6.0
14252,5.5
14253,5.5
14254,6.0
14255,2.3
14256,2.5
14257,6.0
14258,5.5
14259,6.0
14260,5.5
14261,5.5
14262,2.5
14263,2.9
14264,2.8
14265,6.0
14266,5.5
14267,4.0
14268,2.5
14269,4.0
14270,5.5
14271,4.0
14272,2.5
14273,5.0
14274,2.5
14275,5.5
14276,5.5
14277,2.5
14278,5.5
14279,5.5
14280,6.0
14281,5.5
14282,5.5
14283,2.5
14284,5.5
14285,6.0
14286,2.4
14287,2.5
14288,5.5
14289,4.0
14290,2.3
14291,6.0
14292,3.8
14293,3.9
14294,4.0
14295,4.3
14296,6.0
14297,5.5
14298,6.0
14299,2.5
14300,5.5
14301,6.0
14302,6.0
14303,1.8
14304,2.9
14305,2.8
14306,5.5
14307,6.0
14308,2.3
14309,5.5
14310,5.5
14311,5.5
14312,5.0
14313,5.5
14314,6.0
14315,5.5
14316,5.5
14317,6.0
14318,3.9
14319,1.5
14320,4.0
14321,2.5
14322,5.5
14323,5.5
14324,3.0
14325,2.5
14326,2.8
14327,2.5
14328,5.5
14329,3.5
14330,3.55
14331,6.0
14332,6.0
14333,5.5
14334,5.5
14335,6.0
14336,3.8
14337,3.8
14338,3.8
14339,2.5
14340,3.0
14341,6.0
14342,2.8
14343,3.65
14344,3.0
14345,5.0
14346,6.0
14347,5.0
14348,5.5
14349,4.15
14350,4.0
14351,2.5
14352,5.5
14353,5.5
14354,5.5
14355,6.0
14356,4.5
14357,2.65
14358,6.0
14359,6.0
14360,5.5
14361,4.15
14362,5.5
14363,5.0
14364,6.0
14365,5.5
14366,6.0
14367,5.5
14368,2.5
14369,5.5
14370,6.0
14371,5.5
14372,3.8
14373,6.0
14374,5.5
14375,5.5
14376,5.5
14377,5.5
14378,5.5
14379,5.5
14380,2.5
14381,6.0
14382,2.5
14383,5.5
14384,5.5
14385,2.5
14386,2.9
14387,5.5
14388,5.5
14389,3.8
14390,6.0
14391,6.0
14392,5.5
14393,2.5
14394,6.0
14395,6.0
14396,6.0
14397,6.0
14398,2.5
14399,2.5
14400,3.8
14401,6.0
14402,2.4
14403,6.0
14404,2.5
14405,5.5
14406,5.5
14407,5.5
14408,6.0
14409,6.0
14410,6.0
14411,6.0
14412,3.8
14413,5.5
14414,5.5
14415,2.5
14416,5.5
14417,5.5
14418,2.3
14419,4.0
14420,5.5
14421,6.0
14422,6.0
14423,6.0
14424,2.5
14425,2.5
14426,6.0
14427,1.8
14428,2.5
14429,2.3
14430,5.5
14431,2.5
14432,2.8
14433,3.8
14434,6.0
14435,5.65
14436,6.0
14437,2.5
14438,6.0
14439,6.0
14440,4.0
14441,5.5
14442,2.8
14443,5.8
14444,5.5
14445,2.5
14446,5.0
14447,4.15
14448,3.0
14449,5.5
14450,4.0
14451,5.5
14452,2.8
14453,5.5
14454,6.0
14455,2.5
14456,6.0
14457,6.0
14458,5.5
14459,5.5
14460,6.0
14461,5.5
14462,6.0
14463,3.8
14464,5.5
14465,5.0
14466,6.0
14467,6.0
14468,6.0
14469,5.5
14470,5.5
14471,5.5
14472,5.5
14473,5.5
14474,3.8
14475,6.0
14476,5.5
14477,6.0
14478,6.0
14479,6.0
14480,2.8
14481,5.5
14482,5.5
14483,5.5
14484,6.0
14485,5.5
14486,6.0
14487,5.5
14488,4.0
14489,2.9
14490,2.5
14491,2.5
14492,6.0
14493,4.3
14494,5.5
14495,3.8
14496,6.0
14497,3.0
14498,6.0
14499,5.5
14500,6.0
14501,6.0
14502,5.5
14503,5.0
14504,6.0
14505,5.0
14506,5.5
14507,6.0
14508,5.5
14509,5.5
14510,3.8
14511,5.65
14512,4.5
14513,3.55
14514,5.5
14515,4.15
14516,6.0
14517,2.5
14518,6.0
14519,3.8
14520,2.9
14521,4.0
14522,6.0
14523,2.5
14524,5.0
14525,6.0
14526,6.0
14527,6.0
14528,2.9
14529,5.5
14530,5.0
14531,5.5
14532,4.0
14533,6.0
14534,6.0
14535,2.5
14536,3.8
14537,6.0
14538,3.8
14539,5.5
14540,6.0
14541,6.0
14542,5.5
14543,6.0
14544,4.0
14545,4.0
14546,3.1
14547,1.5
14548,6.0
14549,5.5
14550,6.0
14551,3.8
14552,5.5
14553,4.15
14554,2.5
14555,5.5
14556,3.8
14557,2.5
14558,6.0
14559,5.0
14560,3.8
14561,3.8
14562,6.0
14563,6.0
14564,3.8
14565,5.5
14566,5.5
14567,6.0
14568,2.5
14569,6.0
14570,5.5
14571,5.5
14572,2.5
14573,4.0
14574,5.5
14575,2.8
14576,6.0
14577,6.0
14578,4.0
14579,6.0
14580,4.0
14581,5.5
14582,5.5
14583,5.5
14584,2.5
14585,6.0
14586,6.0
14587,6.0
14588,5.5
14589,5.65
14590,3.5
14591,6.0
14592,5.5
14593,4.0
14594,3.5
14595,5.5
14596,6.0
14597,6.0
14598,2.5
14599,5.0
14600,2.5
14601,4.8
14602,5.0
14603,3.8
14604,5.0
14605,5.65
14606,3.8
14607,6.0
14608,5.5
14609,6.0
14610,5.5
14611,3.8
14612,2.5
14613,2.5
14614,5.0
14615,6.0
14616,2.5
14617,3.8
14618,6.0
14619,6.0
14620,6.0
14621,2.65
14622,1.8
14623,3.25
14624,5.5
14625,6.0
14626,3.8
14627,1.8
14628,6.0
14629,3.8
14630,6.0
14631,2.5
14632,6.0
14633,6.0
14634,5.5
14635,5.5
14636,6.0
14637,2.5
14638,5.5
14639,6.0
14640,2.5
14641,6.0
14642,5.65
14643,6.0
14644,3.5
14645,4.0
14646,5.65
14647,6.0
14648,5.3
14649,2.5
14650,6.0
14651,3.8
14652,3.8
14653,5.5
14654,1.8
14655,3.25
14656,5.5
14657,5.5
14658,3.8
14659,5.5
14660,5.5
14661,1.5
14662,5.5
14663,6.0
14664,6.0
14665,5.0
14666,6.0
14667,6.0
14668,2.4
14669,3.8
14670,3.9
14671,5.5
14672,6.0
14673,5.5
14674,6.0
14675,5.5
14676,3.8
14677,2.5
14678,2.5
14679,5.5
14680,4.5
14681,2.5
14682,4.0
14683,5.0
14684,6.0
14685,5.5
14686,5.5
14687,2.5
14688,4.0
14689,2.5
14690,3.8
14691,1.8
14692,6.0
14693,6.0
14694,4.0
14695,4.0
14696,6.0
14697,6.0
14698,6.0
14699,2.5
14700,2.5
14701,6.0
14702,4.0
14703,3.8
14704,5.5
14705,3.55
14706,6.0
14707,6.0
14708,5.5
14709,5.5
14710,3.8
14711,5.5
14712,5.5
14713,4.5
14714,3.55
14715,3.8
14716,3.0
14717,3.3
14718,3.8
14719,5.5
14720,5.0
14721,3.0
14722,5.5
14723,5.5
14724,5.5
14725,2.5
14726,5.5
14727,2.5
14728,6.0
14729,2.5
14730,3.0
14731,5.5
14732,6.0
14733,6.0
14734,5.5
14735,5.5
14736,4.0
14737,6.0
14738,6.0
14739,5.5
14740,6.0
14741,2.5
14742,6.0
14743,6.0
14744,6.0
14745,2.5
14746,5.5
14747,5.5
14748,3.8
14749,5.0
14750,1.8
14751,2.5
14752,6.0
14753,5.5
14754,2.8
14755,4.15
14756,2.5
14757,4.3
14758,2.5
14759,6.0
14760,4.0
14761,5.5
14762,5.5
14763,5.5
14764,4.0
14765,6.0
14766,5.5
14767,6.0
14768,3.8
14769,6.0
14770,6.0
14771,2.5
14772,6.0
14773,6.0
14774,6.0
14775,5.5
14776,5.5
14777,2.8
14778,5.5
14779,6.0
14780,5.5
14781,5.5
14782,3.8
14783,5.0
14784,6.0
14785,10.0
14786,6.0
14787,6.0
14788,5.5
14789,5.5
14790,6.0
14791,5.5
14792,5.5
14793,6.0
14794,5.5
14795,3.8
14796,3.0
14797,2.0
14798,5.5
14799,5.5
14800,6.0
14801,2.5
14802,6.0
14803,6.0
14804,5.5
14805,5.0
14806,1.8
14807,6.0
14808,6.0
14809,2.5
14810,5.5
14811,3.8
14812,5.5
14813,6.0
14814,5.5
14815,5.5
14816,5.5
14817,5.5
14818,5.0
14819,4.15
14820,6.0
14821,5.5
14822,3.0
14823,4.0
14824,5.5
14825,3.0
14826,4.0
14827,2.5
14828,6.0
14829,4.15
14830,6.0
14831,5.0
14832,6.0
14833,6.0
14834,5.5
14835,2.5
14836,5.5
14837,3.5
14838,5.5
14839,5.5
14840,6.0
14841,5.5
14842,5.5
14843,6.0
14844,5.5
14845,2.5
14846,3.8
14847,2.4
14848,4.0
14849,2.5
14850,6.0
14851,6.0
14852,5.5
14853,5.5
14854,5.5
14855,5.5
14856,6.0
14857,6.0
14858,6.0
14859,6.0
14860,6.0
14861,3.8
14862,6.0
14863,5.5
14864,6.0
14865,2.5
14866,5.5
14867,1.5
14868,6.0
14869,3.0
14870,6.0
14871,5.5
14872,10.0
14873,3.0
14874,6.0
14875,5.0
14876,2.5
14877,6.0
14878,2.5
14879,6.0
14880,6.0
14881,6.0
14882,5.5
14883,6.0
14884,5.5
14885,6.0
14886,6.0
14887,3.8
14888,4.5
14889,6.0
14890,6.0
14891,4.0
14892,2.8
14893,6.0
14894,6.0
14895,3.65
14896,3.8
14897,4.0
14898,6.0
14899,4.0
14900,2.8
14901,3.1
14902,6.0
14903,6.0
14904,5.0
14905,3.5
14906,5.5
14907,2.5
14908,5.5
14909,4.15
14910,6.0
14911,4.0
14912,2.8
14913,3.5
14914,3.8
14915,6.0
14916,2.5
14917,4.15
14918,6.0
14919,6.0
14920,2.65
14921,2.8
14922,5.5
14923,5.5
14924,5.4
14925,6.0
14926,2.5
14927,6.0
14928,2.4
14929,5.0
14930,3.8
14931,2.5
14932,5.5
14933,6.0
14934,6.0
14935,6.0
14936,6.0
14937,6.0
14938,5.0
14939,4.8
14940,6.0
14941,5.5
14942,5.5
14943,5.5
14944,4.0
14945,5.0
14946,5.5
14947,4.0
14948,6.0
14949,3.8
14950,6.0
14951,2.5
14952,6.0
14953,6.0
14954,5.5
14955,5.5
14956,2.5
14957,6.0
14958,6.0
14959,6.0
14960,3.8
14961,5.0
14962,2.8
14963,5.0
14964,2.5
14965,3.8
14966,6.0
14967,6.0
14968,3.0
14969,3.8
14970,6.0
14971,6.0
14972,6.0
14973,2.5
14974,2.5
14975,3.8
14976,3.8
14977,2.0
14978,2.5
14979,6.0
14980,2.8
14981,4.0
14982,2.5
14983,6.0
14984,4.0
14985,5.5
14986,5.5
14987,5.8
14988,6.0
14989,5.5
14990,6.0
14991,6.0
14992,6.0
14993,5.5
14994,4.3
14995,5.5
14996,5.5
14997,6.0
14998,6.0
14999,3.65
15000,6.0
15001,6.0
15002,5.5
15003,6.0
15004,4.0
15005,2.3
15006,5.5
15007,5.5
15008,6.0
15009,5.5
15010,6.0
15011,5.5
15012,3.3
15013,4.15
15014,6.0
15015,2.5
15016,5.5
15017,6.0
15018,2.8
15019,2.5
15020,6.0
15021,5.5
15022,3.5
15023,2.5
15024,3.25
15025,3.8
15026,5.5
15027,6.0
15028,6.0
15029,6.0
15030,6.0
15031,5.5
15032,3.5
15033,6.0
15034,1.8
15035,5.5
15036,2.3
15037,6.0
15038,4.0
15039,1.5
15040,4.15
15041,5.0
15042,3.8
15043,6.0
15044,6.0
15045,5.5
15046,5.5
15047,5.5
15048,6.0
15049,5.0
15050,2.5
15051,1.5
15052,6.0
15053,3.1
15054,6.0
15055,4.15
15056,5.5
15057,3.5
15058,6.0
15059,6.0
15060,3.0
15061,6.0
15062,6.0
15063,5.5
15064,3.0
15065,1.8
15066,5.5
15067,5.0
15068,3.1
15069,6.0
15070,6.0
15071,5.0
15072,6.0
15073,6.0
15074,6.0
15075,5.0
15076,5.5
15077,6.0
15078,5.5
15079,6.0
15080,3.8
15081,5.5
15082,3.8
15083,3.0
15084,6.0
15085,4.0
15086,2.3
15087,4.0
15088,6.0
15089,5.5
15090,5.5
15091,6.0
15092,6.0
15093,6.0
15094,6.0
15095,5.5
15096,3.8
15097,3.0
15098,6.0
15099,5.5
15100,6.0
15101,6.0
15102,6.0
15103,6.0
15104,2.5
15105,5.8
15106,6.0
15107,4.0
15108,5.0
15109,6.0
15110,3.55
15111,5.5
15112,5.5
15113,5.5
15114,5.5
15115,3.8
15116,2.5
15117,3.8
15118,3.1
15119,6.0
15120,3.8
15121,6.0
15122,5.5
15123,2.5
15124,6.0
15125,5.5
15126,2.5
15127,5.5
15128,5.5
15129,5.0
15130,3.8
15131,6.0
15132,5.5
15133,5.5
15134,5.5
15135,3.8
15136,2.5
15137,5.5
15138,5.5
15139,5.5
15140,6.0
15141,5.5
15142,5.5
15143,6.0
15144,5.5
15145,6.0
15146,5.5
15147,2.5
15148,5.5
15149,6.0
15150,6.0
15151,5.5
15152,3.5
15153,6.0
15154,5.5
15155,2.5
15156,5.0
15157,2.5
15158,4.15
15159,5.5
15160,2.5
15161,6.0
15162,2.5
15163,6.0
15164,2.8
15165,6.0
15166,6.0
15167,6.0
15168,6.0
15169,5.5
15170,5.5
15171,6.0
15172,6.0
15173,4.0
15174,5.5
15175,5.5
15176,3.55
15177,3.8
15178,5.5
15179,6.0
15180,5.5
15181,5.5
15182,6.0
15183,5.5
15184,2.5
15185,6.0
15186,6.0
15187,2.5
15188,2.5
15189,4.15
15190,6.0
15191,6.0
15192,6.0
15193,5.5
15194,6.0
15195,5.5
15196,6.0
15197,5.5
15198,6.0
15199,5.0
15200,3.0
15201,2.5
15202,5.0
15203,6.0
15204,2.8
15205,5.5
15206,2.8
15207,6.0
15208,2.5
15209,5.5
15210,5.5
15211,5.0
15212,2.5
15213,3.3
15214,3.8
15215,6.0
15216,5.5
15217,3.1
15218,5.5
15219,5.0
15220,2.5
15221,5.5
15222,6.0
15223,5.5
15224,2.3
15225,6.0
15226,3.65
15227,5.8
15228,5.5
15229,3.8
15230,5.5
15231,3.8
15232,5.5
15233,4.15
15234,6.0
15235,5.5
15236,5.5
15237,5.5
15238,3.8
15239,2.5
15240,3.8
15241,6.0
15242,6.0
15243,2.5
15244,3.0
15245,2.5
15246,2.5
15247,6.0
15248,6.0
15249,5.5
15250,5.5
15251,2.8
15252,6.0
15253,4.15
15254,5.5
15255,5.5
15256,6.0
15257,2.5
15258,5.5
15259,2.5
15260,5.0
15261,5.5
15262,5.5
15263,3.8
15264,6.0
15265,5.5
15266,2.5
15267,5.5
15268,5.5
15269,4.3
15270,6.0
15271,5.0
15272,5.5
15273,1.8
15274,3.8
15275,6.0
15276,3.8
15277,5.5
15278,6.0
15279,6.0
15280,2.5
15281,5.5
15282,5.5
15283,2.5
15284,3.8
15285,2.5
15286,5.5
15287,2.5
15288,6.0
15289,5.5
15290,5.0
15291,6.0
15292,4.0
15293,6.0
15294,6.0
15295,5.5
15296,5.5
15297,6.0
15298,6.0
15299,2.5
15300,5.5
15301,5.5
15302,6.0
15303,6.0
15304,6.0
15305,5.5
15306,5.5
15307,5.5
15308,6.0
15309,5.5
15310,5.5
15311,4.5
15312,5.5
15313,2.5
15314,5.5
15315,6.0
15316,6.0
15317,6.0
15318,2.5
15319,5.65
15320,6.0
15321,6.0
15322,5.5
15323,6.0
15324,3.8
15325,6.0
15326,3.8
15327,6.0
15328,2.5
15329,5.5
15330,5.5
15331,5.5
15332,2.5
15333,6.0
15334,4.0
15335,6.0
15336,5.5
15337,6.0
15338,2.5
15339,6.0
15340,5.5
15341,3.8
15342,5.5
15343,2.5
15344,2.5
15345,6.0
15346,5.4
15347,5.5
15348,3.8
15349,2.5
15350,6.0
15351,6.0
15352,4.15
15353,2.5
15354,2.5
15355,4.0
15356,6.0
15357,3.1
15358,6.0
15359,5.5
15360,5.5
15361,5.5
15362,6.0
15363,6.0
15364,6.0
15365,3.8
15366,4.0
15367,2.5
15368,4.15
15369,6.0
15370,3.5
15371,6.0
15372,6.0
15373,3.0
15374,2.5
15375,2.5
15376,6.0
15377,6.0
15378,2.5
15379,5.5
15380,4.3
15381,3.0
15382,5.5
15383,5.5
15384,5.5
15385,6.0
15386,6.0
15387,3.5
15388,5.5
15389,6.0
15390,4.0
15391,2.65
15392,6.0
15393,5.5
15394,3.25
15395,2.5
15396,5.5
15397,3.8
15398,6.0
15399,3.8
15400,4.3
15401,6.0
15402,5.5
15403,2.5
15404,5.5
15405,6.0
15406,6.0
15407,3.8
15408,2.5
15409,5.5
15410,5.5
15411,4.0
15412,6.0
15413,5.0
15414,3.8
15415,2.5
15416,5.5
15417,3.55
15418,2.5
15419,6.0
15420,5.5
15421,6.0
15422,5.65
15423,2.5
15424,6.0
15425,2.5
15426,5.5
15427,3.25
15428,6.0
15429,1.5
15430,5.5
15431,3.8
15432,2.65
15433,6.0
15434,6.0
15435,5.5
15436,2.5
15437,3.8
15438,5.5
15439,3.5
15440,4.5
15441,3.5
15442,5.5
15443,5.5
15444,2.5
15445,6.0
15446,5.5
15447,5.5
15448,6.0
15449,3.0
15450,2.8
15451,5.5
15452,5.0
15453,6.0
15454,5.0
15455,2.5
15456,5.5
15457,2.5
15458,4.3
15459,6.0
15460,5.5
15461,2.5
15462,6.0
15463,6.0
15464,3.9
15465,2.5
15466,5.65
15467,6.0
15468,5.4
15469,6.0
15470,6.0
15471,2.8
15472,5.5
15473,3.8
15474,2.5
15475,6.0
15476,6.0
15477,5.5
15478,2.5
15479,5.5
15480,4.0
15481,5.5
15482,6.0
15483,6.0
15484,6.0
15485,1.8
15486,3.8
15487,2.5
15488,6.0
15489,6.0
15490,3.8
15491,5.5
15492,5.5
15493,5.5
15494,5.5
15495,5.5
15496,5.5
15497,3.0
15498,5.5
15499,5.5
15500,3.0
15501,6.0
15502,3.8
15503,5.5
15504,6.0
15505,3.9
15506,6.0
15507,6.0
15508,5.5
15509,6.0
15510,2.9
15511,3.8
15512,5.5
15513,2.5
15514,5.5
15515,6.0
15516,5.5
15517,6.0
15518,6.0
15519,6.0
15520,6.0
15521,5.5
15522,4.0
15523,6.0
15524,5.5
15525,3.8
15526,4.15
15527,6.0
15528,5.5
15529,2.5
15530,3.8
15531,6.0
15532,5.5
15533,6.0
15534,6.0
15535,6.0
15536,6.0
15537,6.0
15538,3.9
15539,5.5
15540,3.8
15541,3.0
15542,6.0
15543,3.8
15544,2.5
15545,6.0
15546,6.0
15547,6.0
15548,6.0
15549,3.8
15550,5.5
15551,3.1
15552,6.0
15553,5.5
15554,6.0
15555,5.5
15556,3.8
15557,3.0
15558,5.5
15559,4.15
15560,4.0
15561,4.0
15562,4.0
15563,6.0
15564,3.65
15565,3.8
15566,4.15
15567,5.5
15568,6.0
15569,5.5
15570,5.5
15571,3.65
15572,6.0
15573,2.9
15574,5.5
15575,6.0
15576,6.0
15577,5.5
15578,4.0
15579,3.8
15580,6.0
15581,6.0
15582,6.0
15583,2.5
15584,2.8
15585,6.0
15586,4.0
15587,6.0
15588,5.5
15589,2.8
15590,2.5
15591,2.5
15592,6.0
15593,6.0
15594,6.0
15595,2.5
15596,3.8
15597,5.5
15598,6.0
15599,6.0
15600,5.5
15601,5.5
15602,3.8
15603,2.5
15604,3.8
15605,6.0
15606,6.0
15607,4.0
15608,5.5
15609,6.0
15610,5.0
15611,5.5
15612,5.5
15613,5.5
15614,3.8
15615,3.55
15616,4.0
15617,6.0
15618,6.0
15619,5.5
15620,6.0
15621,2.5
15622,3.8
15623,2.0
15624,5.5
15625,5.5
15626,6.0
15627,2.5
15628,6.0
15629,6.0
15630,5.5
15631,3.8
15632,2.5
15633,4.0
15634,5.5
15635,4.0
15636,5.5
15637,5.5
15638,3.65
15639,2.8
15640,6.0
15641,3.8
15642,5.5
15643,6.0
15644,5.5
15645,5.5
15646,6.0
15647,6.0
15648,3.8
15649,5.5
15650,3.0
15651,3.8
15652,4.0
15653,6.0
15654,2.5
15655,2.5
15656,3.5
15657,2.8
15658,1.8
15659,6.0
15660,6.0
15661,2.5
15662,6.0
15663,5.5
15664,5.8
15665,2.5
15666,5.5
15667,5.5
15668,4.3
15669,3.8
15670,2.5
15671,6.0
15672,5.5
15673,5.5
15674,2.5
15675,5.5
15676,5.0
15677,2.5
15678,5.5
15679,2.5
15680,5.8
15681,6.0
15682,3.8
15683,5.5
15684,3.65
15685,5.5
15686,5.5
15687,6.0
15688,2.5
15689,6.0
15690,2.5
15691,5.5
15692,4.3
15693,2.5
15694,6.0
15695,5.5
15696,6.0
15697,5.5
15698,5.5
15699,6.0
15700,6.0
15701,2.8
15702,3.8
15703,6.0
15704,4.15
15705,5.8
15706,5.5
15707,6.0
15708,5.5
15709,5.5
15710,3.9
15711,4.15
15712,5.5
15713,5.5
15714,3.1
15715,5.5
15716,4.15
15717,6.0
15718,5.5
15719,5.5
15720,6.0
15721,6.0
15722,2.8
15723,6.0
15724,2.5
15725,5.5
15726,6.0
15727,3.0
15728,10.0
15729,5.5
15730,6.0
15731,5.5
15732,4.0
15733,5.5
15734,3.8
15735,6.0
15736,6.0
15737,3.9
15738,5.5
15739,6.0
15740,5.5
15741,2.5
15742,5.5
15743,3.8
15744,5.5
15745,4.5
15746,2.8
15747,6.0
15748,5.5
15749,3.5
15750,5.0
15751,2.5
15752,6.0
15753,3.8
15754,5.5
15755,6.0
15756,6.0
15757,2.5
15758,4.0
15759,6.0
15760,4.3
15761,6.0
15762,2.5
15763,5.5
15764,5.5
15765,6.0
15766,2.8
15767,6.0
15768,5.5
15769,4.15
15770,5.5
15771,3.8
15772,6.0
15773,6.0
15774,2.5
15775,5.5
15776,2.8
15777,2.0
15778,2.5
15779,3.8
15780,6.0
15781,5.5
15782,5.5
15783,6.0
15784,4.0
15785,4.3
15786,6.0
15787,5.5
15788,2.5
15789,3.8
15790,2.5
15791,6.0
15792,6.0
15793,5.5
15794,2.5
15795,3.8
15796,5.5
15797,5.5
15798,6.0
15799,3.8
15800,3.8
15801,6.0
15802,6.0
15803,5.5
15804,2.5
15805,6.0
15806,4.0
15807,6.0
15808,6.0
15809,6.0
15810,6.0
15811,5.5
15812,2.5
15813,5.5
15814,6.0
15815,3.8
15816,2.5
15817,5.0
15818,5.5
15819,5.5
15820,2.5
15821,2.8
15822,2.65
15823,2.5
15824,5.5
15825,4.0
15826,6.0
15827,5.5
15828,5.5
15829,3.0
15830,3.9
15831,5.5
15832,5.5
15833,5.5
15834,3.8
15835,6.0
15836,5.5
15837,5.5
15838,5.5
15839,6.0
15840,5.5
15841,4.0
15842,2.5
15843,5.5
15844,6.0
15845,5.5
15846,4.15
15847,2.5
15848,2.5
15849,4.0
15850,5.5
15851,6.0
15852,5.5
15853,6.0
15854,6.0
15855,6.0
15856,3.8
15857,1.8
15858,6.0
15859,5.5
15860,4.3
15861,3.0
15862,5.8
15863,4.0
15864,6.0
15865,5.5
15866,5.5
15867,5.5
15868,2.5
15869,3.8
15870,6.0
15871,2.5
15872,6.0
15873,5.5
15874,2.5
15875,5.5
15876,5.5
15877,3.8
15878,5.0
15879,2.5
15880,2.5
15881,5.0
15882,6.0
15883,6.0
15884,6.0
15885,6.0
15886,6.0
15887,3.3
15888,5.5
15889,5.0
15890,5.5
15891,3.65
15892,5.0
15893,3.8
15894,6.0
15895,5.5
15896,6.0
15897,6.0
15898,5.8
15899,5.5
15900,5.5
15901,3.65
15902,5.5
15903,5.5
15904,2.5
15905,6.0
15906,5.5
15907,6.0
15908,6.0
15909,5.0
15910,5.5
15911,5.5
15912,2.3
15913,5.5
15914,2.5
15915,5.5
15916,4.15
15917,2.5
15918,2.5
15919,2.3
15920,6.0
15921,3.25
15922,5.5
15923,6.0
15924,5.5
15925,2.8
15926,2.5
15927,4.0
15928,4.0
15929,4.5
15930,5.5
15931,6.0
15932,3.8
15933,2.5
15934,2.5
15935,4.0
15936,2.5
15937,6.0
15938,5.5
15939,6.0
15940,2.8
15941,2.5
15942,5.5
15943,6.0
15944,5.5
15945,6.0
15946,6.0
15947,6.0
15948,4.0
15949,6.0
15950,1.5
15951,6.0
15952,5.5
15953,6.0
15954,5.5
15955,2.5
15956,6.0
15957,5.0
15958,6.0
15959,6.0
15960,5.5
15961,3.8
15962,6.0
15963,6.0
15964,5.5
15965,6.0
15966,2.5
15967,4.15
15968,4.0
15969,6.0
15970,5.5
15971,6.0
15972,5.5
15973,2.5
15974,5.5
15975,6.0
15976,6.0
15977,5.5
15978,4.15
15979,6.0
15980,3.8
15981,5.5
15982,6.0
15983,4.0
15984,6.0
15985,5.5
15986,2.5
15987,3.8
15988,2.3
15989,5.0
15990,6.0
15991,6.0
15992,4.3
15993,3.8
15994,5.5
15995,5.5
15996,4.0
15997,5.5
15998,5.5
15999,3.8
16000,6.0
16001,5.5
16002,6.0
16003,5.5
16004,2.65
16005,6.0
16006,3.8
16007,3.8
16008,6.0
16009,4.15
16010,2.5
16011,4.0
16012,2.5
16013,3.5
16014,5.5
16015,5.5
16016,6.0
16017,4.0
16018,6.0
16019,2.5
16020,5.5
16021,5.5
16022,3.8
16023,5.5
16024,5.5
16025,2.5
16026,3.8
16027,6.0
16028,5.5
16029,2.5
16030,2.5
16031,6.0
16032,3.8
16033,2.5
16034,6.0
16035,6.0
16036,5.5
16037,6.0
16038,6.0
16039,4.15
16040,6.0
16041,4.0
16042,6.0
16043,5.5
16044,6.0
16045,6.0
16046,6.0
16047,5.5
16048,1.8
16049,3.25
16050,2.5
16051,6.0
16052,2.5
16053,5.0
16054,4.5
16055,2.5
16056,6.0
16057,6.0
16058,6.0
16059,2.5
16060,2.5
16061,5.8
16062,2.5
16063,2.5
16064,6.0
16065,5.5
16066,5.0
16067,6.0
16068,5.5
16069,2.5
16070,6.0
16071,5.5
16072,3.5
16073,1.5
16074,2.5
16075,5.5
16076,6.0
16077,5.5
16078,3.8
16079,6.0
16080,6.0
16081,3.8
16082,5.5
16083,2.5
16084,2.5
16085,6.0
16086,5.5
16087,3.8
16088,3.0
16089,2.8
16090,6.0
16091,5.5
16092,3.8
16093,6.0
16094,3.5
16095,5.5
16096,5.5
16097,2.8
16098,4.0
16099,2.5
16100,2.5
16101,3.8
16102,3.0
16103,5.5
16104,5.0
16105,5.5
16106,6.0
16107,5.5
16108,5.5
16109,5.5
16110,6.0
16111,4.0
16112,6.0
16113,6.0
16114,2.5
16115,2.3
16116,6.0
16117,6.0
16118,2.9
16119,5.5
16120,5.5
16121,4.15
16122,5.5
16123,5.0
16124,5.5
16125,6.0
16126,2.5
16127,4.5
16128,3.25
16129,6.0
16130,4.0
16131,5.5
16132,6.0
16133,6.0
16134,6.0
16135,6.0
16136,6.0
16137,6.0
16138,6.0
16139,6.0
16140,6.0
16141,3.55
16142,6.0
16143,5.5
16144,2.5
16145,5.5
16146,6.0
16147,6.0
16148,5.5
16149,2.5
16150,5.5
16151,4.0
16152,3.5
16153,2.5
16154,2.5
16155,5.5
16156,2.5
16157,6.0
16158,6.0
16159,6.0
16160,5.0
16161,5.5
16162,6.0
16163,6.0
16164,2.5
16165,5.5
16166,5.5
16167,6.0
16168,5.0
16169,2.5
16170,6.0
16171,4.0
16172,6.0
16173,6.0
16174,5.5
16175,6.0
16176,2.5
16177,5.5
16178,2.5
16179,1.8
16180,6.0
16181,6.0
16182,6.0
16183,5.5
16184,6.0
16185,5.5
16186,6.0
16187,6.0
16188,2.5
16189,6.0
16190,6.0
16191,3.0
16192,4.15
16193,5.5
16194,3.8
16195,5.5
16196,5.5
16197,5.5
16198,5.5
16199,4.0
16200,5.5
16201,6.0
16202,6.0
16203,5.5
16204,2.5
16205,3.0
16206,5.65
16207,2.5
16208,5.5
16209,6.0
16210,2.5
16211,5.5
16212,5.5
16213,4.0
16214,6.0
16215,3.65
16216,5.5
16217,6.0
16218,3.8
16219,5.5
16220,5.5
16221,5.5
16222,3.5
16223,5.5
16224,6.0
16225,6.0
16226,6.0
16227,2.5
16228,5.5
16229,6.0
16230,2.8
16231,2.5
16232,5.5
16233,6.0
16234,6.0
16235,5.5
16236,2.5
16237,5.5
16238,6.0
16239,5.5
16240,6.0
16241,6.0
16242,3.0
16243,6.0
16244,6.0
16245,2.5
16246,6.0
16247,3.8
16248,3.8
16249,6.0
16250,2.5
16251,3.8
16252,5.5
16253,5.5
16254,4.0
16255,6.0
16256,2.5
16257,2.5
16258,3.1
16259,5.0
16260,6.0
16261,6.0
16262,3.5
16263,2.5
16264,3.5
16265,6.0
16266,4.5
16267,5.5
16268,4.0
16269,5.0
16270,2.8
16271,5.8
16272,2.4
16273,6.0
16274,6.0
16275,6.0
16276,6.0
16277,5.5
16278,5.5
16279,2.5
16280,2.5
16281,5.5
16282,3.5
16283,2.5
16284,2.5
16285,5.5
16286,6.0
16287,2.5
16288,6.0
16289,5.5
16290,2.5
16291,6.0
16292,5.5
16293,4.15
16294,4.3
16295,6.0
16296,5.5
16297,2.5
16298,6.0
16299,5.5
16300,2.3
16301,3.8
16302,6.0
16303,3.65
16304,2.5
16305,2.5
16306,3.8
16307,2.5
16308,3.65
16309,2.5
16310,2.5
16311,5.5
16312,6.0
16313,5.5
16314,3.0
16315,6.0
16316,3.8
16317,5.5
16318,5.5
16319,3.8
16320,5.0
16321,6.0
16322,6.0
16323,6.0
16324,6.0
16325,5.5
16326,2.5
16327,2.5
16328,6.0
16329,6.0
16330,6.0
16331,5.5
16332,4.3
16333,3.0
16334,3.9
16335,6.0
16336,5.8
16337,6.0
16338,3.5
16339,4.15
16340,6.0
16341,6.0
16342,5.5
16343,3.5
16344,5.5
16345,5.5
16346,6.0
16347,5.5
16348,2.5
16349,2.5
16350,2.8
16351,5.5
16352,5.5
16353,6.0
16354,5.5
16355,2.5
16356,6.0
16357,3.0
16358,3.8
16359,6.0
16360,5.5
16361,3.65
16362,5.5
16363,5.5
16364,5.0
16365,6.0
16366,3.8
16367,3.8
16368,6.0
16369,2.5
16370,6.0
16371,3.8
16372,4.15
16373,2.5
16374,5.5
16375,5.5
16376,5.5
16377,5.5
16378,6.0
16379,5.5
16380,5.5
16381,6.0
16382,5.5
16383,5.5
16384,2.65
16385,5.5
16386,3.8
16387,6.0
16388,5.5
16389,2.5
16390,6.0
16391,3.8
16392,5.5
16393,6.0
16394,2.5
16395,2.3
16396,3.9
16397,5.0
16398,2.65
16399,6.0
16400,3.0
16401,6.0
16402,5.0
16403,5.5
16404,3.0
16405,6.0
16406,2.5
16407,4.15
16408,6.0
16409,3.8
16410,5.5
16411,5.5
16412,2.65
16413,6.0
16414,3.8
16415,5.5
16416,5.5
16417,6.0
16418,5.5
16419,3.8
16420,6.0
16421,2.5
16422,5.5
16423,5.5
16424,6.0
16425,2.5
16426,6.0
16427,6.0
16428,2.65
16429,3.8
16430,6.0
16431,2.5
16432,6.0
16433,5.5
16434,6.0
16435,2.5
16436,1.8
16437,6.0
16438,6.0
16439,6.0
16440,6.0
16441,2.5
16442,5.5
16443,2.8
16444,6.0
16445,5.5
16446,3.8
16447,6.0
16448,6.0
16449,3.0
16450,2.5
16451,3.5
16452,6.0
16453,3.8
16454,5.5
16455,2.8
16456,2.5
16457,4.0
16458,6.0
16459,4.5
16460,6.0
16461,3.8
16462,2.5
16463,6.0
16464,6.0
16465,3.5
16466,4.0
16467,5.5
16468,5.5
16469,2.5
16470,2.5
16471,6.0
16472,6.0
16473,6.0
16474,4.8
16475,3.8
16476,5.5
16477,5.5
16478,5.5
16479,5.5
16480,2.5
16481,4.0
16482,6.0
16483,5.8
16484,6.0
16485,6.0
16486,6.0
16487,5.5
16488,5.5
16489,4.15
16490,2.5
16491,6.0
16492,5.5
16493,5.5
16494,5.5
16495,2.8
16496,2.5
16497,5.5
16498,3.8
16499,6.0
16500,5.5
16501,4.0
16502,5.5
16503,6.0
16504,3.8
16505,6.0
16506,6.0
16507,6.0
16508,5.5
16509,6.0
16510,5.5
16511,3.8
16512,6.0
16513,2.5
16514,5.5
16515,2.5
16516,6.0
16517,3.8
16518,5.5
16519,3.25
16520,6.0
16521,3.8
16522,2.5
16523,5.5
16524,4.15
16525,5.5
16526,6.0
16527,6.0
16528,2.5
16529,6.0
16530,6.0
16531,4.0
16532,2.5
16533,5.5
16534,5.5
16535,5.5
16536,4.0
16537,6.0
16538,6.0
16539,6.0
16540,5.5
16541,6.0
16542,6.0
16543,2.5
16544,6.0
16545,3.8
16546,6.0
16547,5.5
16548,6.0
16549,5.5
16550,6.0
16551,2.5
16552,6.0
16553,5.5
16554,6.0
16555,2.5
16556,3.8
16557,2.5
16558,2.5
16559,1.8
16560,3.1
16561,3.8
16562,3.8
16563,2.8
16564,3.65
16565,6.0
16566,5.5
16567,5.5
16568,6.0
16569,2.5
16570,6.0
16571,6.0
16572,4.0
16573,6.0
16574,2.5
16575,6.0
16576,5.5
16577,6.0
16578,4.5
16579,4.8
16580,2.5
16581,5.5
16582,2.8
16583,2.5
16584,2.5
16585,5.5
16586,6.0
16587,6.0
16588,6.0
16589,4.0
16590,5.5
16591,3.8
16592,3.8
16593,6.0
16594,5.0
16595,3.8
16596,3.8
16597,2.5
16598,5.5
16599,6.0
16600,2.5
16601,3.0
16602,5.5
16603,6.0
16604,5.5
16605,6.0
16606,5.5
16607,5.5
16608,5.5
16609,2.5
16610,5.5
16611,4.3
16612,3.8
16613,6.0
16614,1.5
16615,1.8
16616,5.5
16617,4.0
16618,5.5
16619,2.5
16620,3.5
16621,4.0
16622,6.0
16623,5.5
16624,5.5
16625,4.0
16626,4.0
16627,5.65
16628,3.8
16629,6.0
16630,5.5
16631,4.5
16632,3.8
16633,2.8
16634,5.5
16635,5.5
16636,6.0
16637,6.0
16638,5.5
16639,6.0
16640,5.5
16641,5.4
16642,6.0
16643,5.0
16644,5.5
16645,5.5
16646,5.5
16647,5.5
16648,2.5
16649,3.55
16650,6.0
16651,6.0
16652,2.5
16653,5.5
16654,5.5
16655,3.8
16656,2.5
16657,2.5
16658,6.0
16659,6.0
16660,6.0
16661,4.0
16662,5.5
16663,1.8
16664,2.3
16665,6.0
16666,3.8
16667,6.0
16668,5.5
16669,6.0
16670,3.8
16671,3.8
16672,2.5
16673,4.8
16674,2.8
16675,3.0
16676,5.5
16677,6.0
16678,5.5
16679,6.0
16680,6.0
16681,6.0
16682,5.5
16683,3.8
16684,5.5
16685,2.8
16686,6.0
16687,5.5
16688,6.0
16689,6.0
16690,5.5
16691,3.8
16692,3.8
16693,5.5
16694,5.5
16695,5.5
16696,3.8
16697,3.8
16698,5.5
16699,6.0
16700,5.5
16701,5.5
16702,5.5
16703,5.5
16704,5.5
16705,2.5
16706,4.3
16707,6.0
16708,2.5
16709,2.5
16710,6.0
16711,5.5
16712,6.0
16713,6.0
16714,2.5
16715,4.5
16716,2.5
16717,3.8
16718,6.0
16719,5.0
16720,5.5
16721,5.0
16722,6.0
16723,5.5
16724,6.0
16725,3.1
16726,6.0
16727,6.0
16728,5.5
16729,5.5
16730,6.0
16731,2.5
16732,5.5
16733,6.0
16734,5.5
16735,6.0
16736,5.5
16737,3.8
16738,3.65
16739,6.0
16740,2.0
16741,5.0
16742,5.5
16743,5.5
16744,4.15
16745,5.5
16746,2.5
16747,2.5
16748,6.0
16749,6.0
16750,5.5
16751,3.8
16752,5.5
16753,5.5
16754,5.5
16755,6.0
16756,5.5
16757,6.0
16758,2.5
16759,3.5
16760,2.5
16761,3.8
16762,5.5
16763,5.5
16764,5.5
16765,2.65
16766,5.5
16767,6.0
16768,2.5
16769,5.0
16770,4.5
16771,2.8
16772,5.5
16773,6.0
16774,6.0
16775,4.15
16776,3.25
16777,5.5
16778,3.8
16779,6.0
16780,5.5
16781,5.5
16782,3.5
16783,6.0
16784,5.5
16785,5.5
16786,2.4
16787,5.5
16788,2.5
16789,3.65
16790,3.8
16791,5.5
16792,1.8
16793,3.8
16794,6.0
16795,5.5
16796,3.0
16797,6.0
16798,5.5
16799,6.0
16800,4.0
16801,6.0
16802,5.5
16803,3.8
16804,3.8
16805,5.5
16806,6.0
16807,2.5
16808,4.0
16809,6.0
16810,6.0
16811,4.0
16812,6.0
16813,6.0
16814,2.8
16815,2.5
16816,5.5
16817,4.15
16818,6.0
16819,4.0
16820,5.5
16821,3.8
16822,5.0
16823,5.0
16824,6.0
16825,5.5
16826,5.5
16827,5.5
16828,3.8
16829,3.8
16830,5.5
16831,5.5
16832,2.5
16833,10.0
16834,3.8
16835,5.5
16836,6.0
16837,2.5
16838,5.5
16839,5.5
16840,3.8
16841,6.0
16842,6.0
16843,5.5
16844,6.0
16845,6.0
16846,2.8
16847,3.8
16848,5.5
16849,3.8
16850,6.0
16851,5.5
16852,4.15
16853,2.5
16854,2.8
16855,2.5
16856,6.0
16857,6.0
16858,6.0
16859,2.5
16860,2.5
16861,1.5
16862,6.0
16863,3.8
16864,4.3
16865,6.0
16866,2.5
16867,3.8
16868,6.0
16869,6.0
16870,6.0
16871,2.5
16872,4.0
16873,4.0
16874,5.5
16875,4.0
16876,6.0
16877,6.0
16878,5.0
16879,6.0
16880,6.0
16881,5.5
16882,4.3
16883,6.0
16884,2.5
16885,6.0
16886,5.5
16887,4.0
16888,6.0
16889,6.0
16890,6.0
16891,6.0
16892,4.0
16893,5.0
16894,3.8
16895,2.5
16896,6.0
16897,6.0
16898,4.0
16899,5.0
16900,5.5
16901,5.5
16902,6.0
16903,2.3
16904,2.8
16905,3.8
16906,5.5
16907,6.0
16908,4.0
16909,5.0
16910,1.5
16911,2.5
16912,4.0
16913,2.5
16914,6.0
16915,5.5
16916,4.15
16917,5.5
16918,6.0
16919,3.8
16920,4.3
16921,2.3
16922,5.8
16923,5.5
16924,6.0
16925,5.5
16926,5.5
16927,5.5
16928,5.5
16929,6.0
16930,3.8
16931,3.5
16932,2.4
16933,5.5
16934,3.9
16935,5.5
16936,3.8
16937,5.5
16938,5.5
16939,5.5
16940,6.0
16941,5.5
16942,5.5
16943,2.5
16944,6.0
16945,5.5
16946,5.5
16947,2.5
16948,5.5
16949,4.5
16950,3.8
16951,6.0
16952,3.8
16953,2.5
16954,5.5
16955,5.5
16956,5.5
16957,6.0
16958,2.5
16959,5.5
16960,5.8
16961,4.0
16962,3.8
16963,6.0
16964,2.5
16965,5.5
16966,6.0
16967,5.5
16968,6.0
16969,6.0
16970,5.5
16971,5.5
16972,6.0
16973,5.5
16974,5.0
16975,6.0
16976,2.5
16977,5.5
16978,2.5
16979,6.0
16980,6.0
16981,2.5
16982,6.0
16983,6.0
16984,4.8
16985,5.5
16986,6.0
16987,5.0
16988,4.0
16989,2.5
16990,6.0
16991,2.5
16992,5.5
16993,5.5
16994,6.0
16995,5.5
16996,5.5
16997,5.5
16998,10.0
16999,5.5
17000,2.5
17001,4.0
17002,6.0
17003,5.5
17004,5.5
17005,3.8
17006,5.5
17007,3.0
17008,2.5
17009,5.5
17010,6.0
17011,5.5
17012,3.8
17013,3.0
17014,6.0
17015,5.5
17016,6.0
17017,6.0
17018,4.5
17019,5.4
17020,5.5
17021,6.0
17022,5.5
17023,3.5
17024,6.0
17025,6.0
17026,1.8
17027,2.5
17028,2.5
17029,5.5
17030,5.0
17031,4.5
17032,3.8
17033,5.5
17034,2.5
17035,6.0
17036,5.5
17037,3.8
17038,5.5
17039,4.0
17040,2.8
17041,6.0
17042,5.5
17043,6.0
17044,2.5
17045,2.5
17046,6.0
17047,6.0
17048,2.5
17049,5.5
17050,5.5
17051,6.0
17052,6.0
17053,3.8
17054,5.5
17055,6.0
17056,5.0
17057,6.0
17058,2.5
17059,2.5
17060,5.5
17061,6.0
17062,4.0
17063,5.5
17064,6.0
17065,3.5
17066,1.8
17067,6.0
17068,3.8
17069,2.5
17070,6.0
17071,5.0
17072,5.5
17073,5.5
17074,6.0
17075,5.5
17076,5.5
17077,3.0
17078,2.65
17079,5.5
17080,5.0
17081,5.5
17082,3.5
17083,2.3
17084,2.5
17085,2.3
17086,2.5
17087,6.0
17088,3.8
17089,1.5
17090,6.0
17091,5.5
17092,3.5
17093,4.0
17094,5.5
17095,3.0
17096,3.65
17097,6.0
17098,5.5
17099,2.3
17100,1.8
17101,3.5
17102,5.5
17103,6.0
17104,2.5
17105,3.8
17106,5.5
17107,2.5
17108,4.3
17109,5.5
17110,6.0
17111,2.5
17112,5.0
17113,5.0
17114,6.0
17115,6.0
17116,5.5
17117,3.0
17118,6.0
17119,4.5
17120,5.5
17121,5.5
17122,10.0
17123,6.0
17124,6.0
17125,2.9
17126,5.5
17127,3.8
17128,6.0
17129,4.15
17130,2.5
17131,5.5
17132,5.5
17133,5.5
17134,6.0
17135,4.3
17136,5.5
17137,2.5
17138,3.8
17139,3.8
17140,2.0
17141,6.0
17142,4.0
17143,5.0
17144,5.5
17145,3.8
17146,5.5
17147,6.0
17148,5.5
17149,3.8
17150,6.0
17151,5.0
17152,6.0
17153,1.8
17154,2.5
17155,6.0
17156,6.0
17157,2.5
17158,5.65
17159,1.5
17160,5.5
17161,3.55
17162,6.0
17163,5.5
17164,4.8
17165,5.5
17166,6.0
17167,6.0
17168,6.0
17169,6.0
17170,5.0
17171,5.5
17172,6.0
17173,2.5
17174,2.5
17175,3.25
17176,2.8
17177,6.0
17178,5.0
17179,2.8
17180,3.8
17181,5.5
17182,2.5
17183,6.0
17184,6.0
17185,6.0
17186,6.0
17187,6.0
17188,5.65
17189,6.0
17190,5.0
17191,3.8
17192,5.5
17193,6.0
17194,5.5
17195,3.8
17196,2.5
17197,5.5
17198,5.5
17199,5.0
17200,6.0
17201,3.8
17202,6.0
17203,2.5
17204,5.5
17205,6.0
17206,6.0
17207,5.5
17208,6.0
17209,1.8
17210,6.0
17211,2.5
17212,5.5
17213,1.8
17214,3.8
17215,6.0
17216,5.5
17217,3.8
17218,3.8
17219,5.5
17220,4.0
17221,3.8
17222,3.8
17223,2.5
17224,1.5
17225,2.5
17226,6.0
17227,2.5
17228,6.0
17229,2.5
17230,3.8
17231,6.0
17232,6.0
17233,2.3
17234,3.8
17235,2.5
17236,2.8
17237,6.0
17238,5.0
17239,1.8
17240,6.0
17241,5.5
17242,6.0
17243,5.5
17244,2.5
17245,4.0
17246,5.5
17247,5.5
17248,6.0
17249,2.5
17250,2.5
17251,6.0
17252,5.5
17253,3.8
17254,5.5
17255,6.0
17256,6.0
17257,6.0
17258,3.8
17259,5.5
17260,4.0
17261,5.5
17262,6.0
17263,6.0
17264,6.0
17265,6.0
17266,4.0
17267,5.0
17268,4.15
17269,4.3
17270,4.5
17271,5.5
17272,3.8
17273,2.8
17274,5.5
17275,2.5
17276,6.0
17277,6.0
17278,2.5
17279,3.8
17280,5.5
17281,2.5
17282,4.0
17283,5.5
17284,2.5
17285,3.25
17286,5.5
17287,4.0
17288,4.0
17289,5.5
17290,2.5
17291,6.0
17292,6.0
17293,6.0
17294,2.8
17295,5.5
17296,3.0
17297,5.5
17298,3.8
17299,2.5
17300,5.5
17301,5.5
17302,5.8
17303,6.0
17304,6.0
17305,6.0
17306,6.0
17307,4.0
17308,5.5
17309,5.5
17310,5.0
17311,2.5
17312,5.5
17313,5.8
17314,6.0
17315,4.0
17316,5.5
17317,2.5
17318,6.0
17319,6.0
17320,2.5
17321,6.0
17322,3.8
17323,6.0
17324,6.0
17325,6.0
17326,5.5
17327,5.5
17328,5.5
17329,6.0
17330,3.8
17331,6.0
17332,5.8
17333,6.0
17334,6.0
17335,2.5
17336,6.0
17337,6.0
17338,5.5
17339,6.0
17340,1.8
17341,5.5
17342,4.0
17343,6.0
17344,4.0
17345,3.0
